source_id,name,language,source_family,reliability_default,scrape_method,active,retrieval_cadence,robots_policy,notes
SRC-0000,Placeholder Source,unknown,placeholder,T4,manual,no,none,not_applicable,Retained placeholder to keep schema wiring; superseded by SRC-0001+ real families.
SRC-0001,U.S. Navy operational records,en,U.S. Navy,T1,manual,yes,quarterly,respect,Armed Guard logs/USO contacts and Navy operational reports present in master corpus.
SRC-0002,Policia de Puerto Rico / FURA,es,PR Police/FURA,T2,manual,yes,quarterly,respect,Fuerzas Unidas de Rapida Accion maritime/aerial police reports; bilingual field notes.
SRC-0003,U.S. Air Force / NICAP-referenced USAF reports,en,USAF,T2,manual,yes,quarterly,respect,USAF pilot and base observations; several routed via NICAP archive references.
SRC-0004,NASA mission imagery analyses,en,NASA,T3,manual,yes,quarterly,respect,"Shuttle/mission video anomaly analyses (e.g., STS-80 Caribbean pass)."
SRC-0005,FAA pilot reports / ATC acknowledgements,en,FAA,T2,manual,yes,quarterly,respect,FAA-acknowledged airline pilot sightings and airspace reports.
SRC-0006,AARO (All-domain Anomaly Resolution Office),en,AARO,T2,manual,yes,quarterly,respect,"DoD anomaly resolution case references, often cross-listed with NUFORC."
SRC-0007,U.S. Customs and Border Protection,en,CBP,T1,foia,yes,on_foia_release,foia_only,"CBP DHC-8 FLIR/aircraft sensor captures (e.g., Aguadilla thermal video)."
SRC-0008,U.S. Army airmen / observer reports,en,U.S. Army,T3,manual,yes,quarterly,respect,Army aircrew and ground-observer sightings in the master corpus.
SRC-0009,U.S. Coast Guard cutter logs,en,USCG,T3,manual,yes,quarterly,respect,USCG cutter underwater-contact and patrol reports near Puerto Rico.
SRC-0010,National UFO Reporting Center (NUFORC),en,reporting_archive,T4,api,yes,weekly,api_terms,"Public witness-report archive; secondary provenance, used for cross-reference."
SRC-0011,NICAP archive,en,reporting_archive,T4,manual,yes,annual,respect,Historical investigative archive; secondary provenance for mid-century cases.
SRC-0012,Inexplicata / Institute of Hispanic Ufology,bilingual,reporting_archive,T4,manual,yes,annual,respect,Scott Corrales / Hispanic ufology archive; Spanish-language case lineage.
SRC-0013,PRUFON legacy filesystem corpus,bilingual,legacy_filesystem_corpus,T4,manual,yes,on_legacy_consolidation,not_applicable,Local PRUFON/OVNIS folders inventoried from preserved filesystem sources; folder names are discovery taxonomy only, not canonical case identity.
SRC-0014,ThinkAboutItDocs,en,reporting_archive,T4,manual,yes,annual,respect,Verified distinct secondary archive; no public automation contract established.
SRC-0015,Project 1947,en,historical_research_archive,T4,manual,yes,annual,respect,Verified distinct historical research archive.
SRC-0016,UFO Casebook,en,reporting_archive,T4,manual,yes,annual,respect,Verified distinct secondary archive.
SRC-0017,The UFO Chronicles,en,reporting_archive,T4,manual,yes,annual,respect,Verified distinct secondary publication.
SRC-0018,Phantoms and Monsters,en,reporting_archive,T4,manual,yes,annual,respect,Verified distinct secondary publication.
SRC-0019,National Archives and Records Administration (NARA),en,government_archive,T1,manual,yes,quarterly,api_terms,Official archive; API credentials remain deferred until the credential-last stage.
SRC-0020,CIA FOIA Reading Room,en,government_archive,T1,manual,yes,quarterly,respect,Official CIA FOIA archive; exact released-document manifestations remain separate.
SRC-0021,SETI Institute,en,research_organization,T2,manual,yes,annual,respect,Verified research organization; exact cited article/report manifestations remain separate.
SRC-0022,The Black Vault,en,document_archive,T4,manual,yes,quarterly,respect,Canonical locator selected while observed blackvault.com alias remains preserved.
SRC-0023,Primera Hora,es,news_media,T4,manual,yes,annual,respect,Verified Puerto Rico news publication; quoted sources remain distinct.
SRC-0024,Telemundo Puerto Rico,es,news_media,T4,manual,yes,annual,respect,Verified Puerto Rico news/broadcast source; quoted sources remain distinct.
SRC-0025,NOAA Ocean Exploration,en,government_science_source,T1,manual,yes,quarterly,respect,Official NOAA program source; exact expedition/log manifestations remain separate.
