manifestation_subject,locator_or_path,manifestation_state,git_commit,git_blob_sha1,acquisition_policy,note
"INTERNAL-GAP-UNIVERSE","data/reference/source_registry_gap_universe.csv","GIT_BLOB_FROZEN","3fc2075f764c39b56a97707a4240d391229f3240","6600e1bf33b04af9c456a907ec15c779d4b5005c","not_applicable","Exact repository evidence artifact."
"INTERNAL-CANDIDATES","data/reference/source_registry_candidates.csv","GIT_BLOB_FROZEN","f65b5e21f063acefba840cf4bcb3e2749fb3f109","0f7120faec014a57e38ab7f3fbb5947b13ffd1e6","not_applicable","Exact repository candidate-plane artifact."
"INTERNAL-REFERENCE-UNIVERSE","data/reference/source_reference_universe.csv","GIT_BLOB_FROZEN","67c66cae684919b02be91404f8cc7dbe8281cb61","d1d490b8b94c097828298719916c8f9134037946","not_applicable","Exact 244-reference denominator artifact."
"INTERNAL-CANDIDATE-VERIFICATION","data/reference/source_registry_candidate_verification.csv","GIT_BLOB_FROZEN","a4805bad67576baf40ef8cf82f123742e4e9caf0","1183a485c1c517d31999d31cbdc6056f889fbd67","not_applicable","Exact reviewed candidate-verification artifact."
"INTERNAL-REFERENCE-ADJUDICATION","data/reference/source_reference_adjudication_v1.csv","GIT_BLOB_FROZEN","20b62261270fb8e5e7d59f213da978ab546a4277","550360f9d5d55d50341dcdbd56eedace4c42aeda","not_applicable","Exact 244-row adjudication artifact."
"INTERNAL-PROMOTION-PLAN","data/reference/source_registry_promotion_plan_v1.csv","GIT_BLOB_FROZEN","1001b9dfa6141b6d46bb6bbe0871677ad2f8b65d","318f848ba32feec2d836436cba041797b386337e","not_applicable","Exact promotion/defer decision artifact."
"SRC-CAND-0001","https://www.iraap.org/Martin/PR.htm","LOCATOR_VERIFIED_NO_BYTE_FREEZE","","","MANUAL_ONLY","Carrier/author scope open; no immutable external byte freeze claimed."
"SRC-CAND-0002","https://thinkaboutitdocs.com/","LOCATOR_VERIFIED_NO_BYTE_FREEZE","","","MANUAL_ONLY","Live archive verified; exact manifestation bytes not frozen."
"SRC-CAND-0003","","BLOCKED_NO_CANONICAL_LOCATOR","","","BLOCKED","Historical CEOVNI entity verified but canonical locator unresolved."
"SRC-CAND-0004","http://ovni.net","BLOCKED_LEGACY_LOCATOR_ONLY","","","BLOCKED","Legacy locator retained as historical evidence; current manifestation not verified."
"SRC-CAND-0005","https://mufon.com/","LOCATOR_VERIFIED_SCOPE_OPEN_NO_BYTE_FREEZE","","","MANUAL_ONLY","Parent organization verified; PRMUFON/CMS scope unresolved."
"SRC-CAND-0006","https://www.project1947.com/","LOCATOR_VERIFIED_NO_BYTE_FREEZE","","","MANUAL_ONLY","Live historical archive verified; exact bytes not frozen."
"SRC-CAND-0007","https://www.ufocasebook.com/","LOCATOR_VERIFIED_NO_BYTE_FREEZE","","","MANUAL_ONLY","Live archive verified; exact bytes not frozen."
"SRC-CAND-0008","https://www.theufochronicles.com/","LOCATOR_VERIFIED_NO_BYTE_FREEZE","","","MANUAL_ONLY","Live publication verified; exact bytes not frozen."
"SRC-CAND-0009","https://www.phantomsandmonsters.com/","LOCATOR_VERIFIED_NO_BYTE_FREEZE","","","MANUAL_ONLY","Live publication verified; exact bytes not frozen."
"SRC-CAND-0010","https://catalog.archives.gov/","CREDENTIAL_LAST_NO_API_FETCH","","","API_CREDENTIAL_LAST","NARA API requires key; credential-free/manual stage preserved."
"SRC-CAND-0011","https://www.cia.gov/readingroom/","LOCATOR_VERIFIED_NO_BYTE_FREEZE","","","MANUAL_ONLY","Official archive verified; exact released-document bytes must be frozen per document later."
"SRC-CAND-0012","https://www.seti.org/","LOCATOR_VERIFIED_NO_BYTE_FREEZE","","","MANUAL_ONLY","Organization locator verified; exact cited article/report manifestation remains separate."
"SRC-CAND-0013","https://www.theblackvault.com/","LOCATOR_VERIFIED_ALIAS_PRESERVED_NO_BYTE_FREEZE","","","MANUAL_ONLY","Canonical site verified; blackvault.com alias preserved separately."
"SRC-CAND-0014","https://www.primerahora.com/","LOCATOR_VERIFIED_NO_BYTE_FREEZE","","","MANUAL_ONLY","Publication locator verified; exact article manifestation not frozen."
"SRC-CAND-0015","https://www.telemundopr.com/","LOCATOR_VERIFIED_NO_BYTE_FREEZE","","","MANUAL_ONLY","Publication locator verified; exact article/video manifestation not frozen."
"SRC-CAND-0016","https://oceanexplorer.noaa.gov/","LOCATOR_VERIFIED_NO_BYTE_FREEZE","","","MANUAL_ONLY","Official NOAA program verified; exact expedition/log manifestation remains separate."
"SRC-CAND-0017","","MANUAL_ARCHIVE_ONLY_NO_OFFICIAL_LOCATOR","","","MANUAL_ARCHIVE_ONLY","Historical publication verified; archive custodian manifestation must be frozen separately."
