candidate_id,promotion_decision,reserved_source_id,canonical_name,canonical_locator,acquisition_policy,decision_basis,canonical_registry_base_blob_sha1,canonical_registry_effect
"SRC-CAND-0002","PROMOTION_READY","SRC-0014","ThinkAboutItDocs","https://thinkaboutitdocs.com/","MANUAL_ONLY","Verified distinct secondary archive; no public automation contract established.","4a5a2900202df82fc4b48608ddb16970adf1d55f","NONE_UNTIL_SYNCHRONIZED_DB_PROMOTION"
"SRC-CAND-0006","PROMOTION_READY","SRC-0015","Project 1947","https://www.project1947.com/","MANUAL_ONLY","Verified distinct historical research archive.","4a5a2900202df82fc4b48608ddb16970adf1d55f","NONE_UNTIL_SYNCHRONIZED_DB_PROMOTION"
"SRC-CAND-0007","PROMOTION_READY","SRC-0016","UFO Casebook","https://www.ufocasebook.com/","MANUAL_ONLY","Verified distinct secondary archive.","4a5a2900202df82fc4b48608ddb16970adf1d55f","NONE_UNTIL_SYNCHRONIZED_DB_PROMOTION"
"SRC-CAND-0008","PROMOTION_READY","SRC-0017","The UFO Chronicles","https://www.theufochronicles.com/","MANUAL_ONLY","Verified distinct secondary publication.","4a5a2900202df82fc4b48608ddb16970adf1d55f","NONE_UNTIL_SYNCHRONIZED_DB_PROMOTION"
"SRC-CAND-0009","PROMOTION_READY","SRC-0018","Phantoms and Monsters","https://www.phantomsandmonsters.com/","MANUAL_ONLY","Verified distinct secondary publication.","4a5a2900202df82fc4b48608ddb16970adf1d55f","NONE_UNTIL_SYNCHRONIZED_DB_PROMOTION"
"SRC-CAND-0010","PROMOTION_READY_CREDENTIAL_LAST","SRC-0019","National Archives and Records Administration (NARA)","https://catalog.archives.gov/","API_CREDENTIAL_LAST","Official archive; API requires key, so credential-free/manual ingestion remains first.","4a5a2900202df82fc4b48608ddb16970adf1d55f","NONE_UNTIL_SYNCHRONIZED_DB_PROMOTION"
"SRC-CAND-0011","PROMOTION_READY","SRC-0020","CIA FOIA Reading Room","https://www.cia.gov/readingroom/","MANUAL_ONLY","Official CIA FOIA archive.","4a5a2900202df82fc4b48608ddb16970adf1d55f","NONE_UNTIL_SYNCHRONIZED_DB_PROMOTION"
"SRC-CAND-0012","PROMOTION_READY","SRC-0021","SETI Institute","https://www.seti.org/","MANUAL_ONLY","Verified research organization.","4a5a2900202df82fc4b48608ddb16970adf1d55f","NONE_UNTIL_SYNCHRONIZED_DB_PROMOTION"
"SRC-CAND-0013","PROMOTION_READY_ALIAS_PRESERVED","SRC-0022","The Black Vault","https://www.theblackvault.com/","MANUAL_ONLY","Canonical locator selected while observed blackvault.com alias remains separately preserved.","4a5a2900202df82fc4b48608ddb16970adf1d55f","NONE_UNTIL_SYNCHRONIZED_DB_PROMOTION"
"SRC-CAND-0014","PROMOTION_READY","SRC-0023","Primera Hora","https://www.primerahora.com/","MANUAL_ONLY","Verified Puerto Rico news publication.","4a5a2900202df82fc4b48608ddb16970adf1d55f","NONE_UNTIL_SYNCHRONIZED_DB_PROMOTION"
"SRC-CAND-0015","PROMOTION_READY","SRC-0024","Telemundo Puerto Rico","https://www.telemundopr.com/","MANUAL_ONLY","Verified Puerto Rico news/broadcast source.","4a5a2900202df82fc4b48608ddb16970adf1d55f","NONE_UNTIL_SYNCHRONIZED_DB_PROMOTION"
"SRC-CAND-0016","PROMOTION_READY","SRC-0025","NOAA Ocean Exploration","https://oceanexplorer.noaa.gov/","MANUAL_ONLY","Verified official NOAA program source.","4a5a2900202df82fc4b48608ddb16970adf1d55f","NONE_UNTIL_SYNCHRONIZED_DB_PROMOTION"
"SRC-CAND-0001","DEFER_SCOPE_OPEN","","IRAAP / Jorge Martín source lineage","https://www.iraap.org/Martin/PR.htm","MANUAL_ONLY","Host/author/originating-publication authority remains unresolved.","4a5a2900202df82fc4b48608ddb16970adf1d55f","NONE_UNTIL_SYNCHRONIZED_DB_PROMOTION"
"SRC-CAND-0003","DEFER_LOCATOR_UNRESOLVED","","CEOVNI","","BLOCKED","Historical entity verified; no canonical current locator recovered.","4a5a2900202df82fc4b48608ddb16970adf1d55f","NONE_UNTIL_SYNCHRONIZED_DB_PROMOTION"
"SRC-CAND-0004","DEFER_LEGACY_LOCATOR_ONLY","","OVNI.net","http://ovni.net","BLOCKED","Historical identity and locator attested, current ownership/availability unresolved.","4a5a2900202df82fc4b48608ddb16970adf1d55f","NONE_UNTIL_SYNCHRONIZED_DB_PROMOTION"
"SRC-CAND-0005","DEFER_PARENT_CHAPTER_SCOPE","","MUFON / PRMUFON","https://mufon.com/","MANUAL_ONLY","MUFON parent verified; PRMUFON chapter/CMS authority relation not closed.","4a5a2900202df82fc4b48608ddb16970adf1d55f","NONE_UNTIL_SYNCHRONIZED_DB_PROMOTION"
"SRC-CAND-0017","DEFER_NO_OFFICIAL_ACTIVE_LOCATOR","","Flying Saucer Review","","MANUAL_ARCHIVE_ONLY","Publication verified; issue acquisition depends on separate archival custodian manifestations.","4a5a2900202df82fc4b48608ddb16970adf1d55f","NONE_UNTIL_SYNCHRONIZED_DB_PROMOTION"
