candidate_id,canonical_candidate,verification_state,canonical_locator,role_basis,proposed_acquisition_policy,proposed_robots_policy,proposed_cadence,fail_closed_note,verification_evidence_locator
"SRC-CAND-0001","IRAAP / Jorge Martín source lineage","VERIFIED_CARRIER_SCOPE_OPEN","https://www.iraap.org/Martin/PR.htm","IRAAP hosts/reproduces Jorge Martín Puerto Rico material; host, author, and originating publication authority remain distinct.","MANUAL_ONLY","respect","quarterly","Do not promote one combined IRAAP/Jorge Martín identity until authority scope is separated.","https://www.iraap.org/Martin/PR.htm"
"SRC-CAND-0002","ThinkAboutItDocs","VERIFIED_DISTINCT_SECONDARY_ARCHIVE","https://thinkaboutitdocs.com/","Active self-described UFO/UAP encounter archive.","MANUAL_ONLY","respect","annual","No public automation contract established; retain secondary provenance role.","https://thinkaboutitdocs.com/welcome-to-thinkaboutit/"
"SRC-CAND-0003","CEOVNI","VERIFIED_HISTORICAL_ENTITY_LOCATOR_UNRESOLVED","","Historical Puerto Rico research group is independently attested in Inexplicata material; no trustworthy current canonical CEOVNI locator recovered.","BLOCKED","unknown","none","Do not fabricate locator or merge CEOVNI with IHU/Inexplicata.","https://inexplicata.blogspot.com/2016/10/"
"SRC-CAND-0004","OVNI.net","VERIFIED_HISTORICAL_IDENTITY_LEGACY_LOCATOR","http://ovni.net","Inexplicata identifies OVNI.NET and Lucy Guzmán as source/compiler and records the legacy locator; current canonical availability not independently established.","BLOCKED","unknown","none","Preserve legacy locator as historical evidence only until current ownership/availability is verified.","https://inexplicata.blogspot.com/2006/02/puerto-rico-summary-of-ufo-cases.html"
"SRC-CAND-0005","MUFON / PRMUFON","VERIFIED_PARENT_SCOPE_OPEN","https://mufon.com/","MUFON is an active organization with a Case Management System; corpus PRMUFON references do not by themselves prove parent/chapter identity equivalence.","MANUAL_ONLY","respect","quarterly","Credentials/data access deferred; do not treat MUFON CMS or PRMUFON chapter references as an open API.","https://mufon.com/"
"SRC-CAND-0006","Project 1947","VERIFIED_DISTINCT_HISTORICAL_RESEARCH_ARCHIVE","https://www.project1947.com/","Project 1947 identifies itself as a worldwide historical UFO research/document effort.","MANUAL_ONLY","respect","annual","Historical site; freeze exact pages/documents when used.","https://www.project1947.com/"
"SRC-CAND-0007","UFO Casebook","VERIFIED_DISTINCT_SECONDARY_ARCHIVE","https://www.ufocasebook.com/","Active case-file archive that states source information is retained with case files.","MANUAL_ONLY","respect","annual","Secondary archive; underlying original source remains separately attributable.","https://www.ufocasebook.com/casefiles.html"
"SRC-CAND-0008","The UFO Chronicles","VERIFIED_DISTINCT_SECONDARY_PUBLICATION","https://www.theufochronicles.com/","Active UFO/UAP news and historical-report publication.","MANUAL_ONLY","respect","annual","Treat article author/original source separately from publication carrier.","https://www.theufochronicles.com/"
"SRC-CAND-0009","Phantoms and Monsters","VERIFIED_DISTINCT_SECONDARY_PUBLICATION","https://www.phantomsandmonsters.com/","Active paranormal/UFO publication with current content.","MANUAL_ONLY","respect","annual","Secondary publication; no automated acquisition contract established.","https://www.phantomsandmonsters.com/"
"SRC-CAND-0010","National Archives and Records Administration (NARA)","VERIFIED_GOVERNMENT_ARCHIVE","https://catalog.archives.gov/","NARA Catalog is an official archival repository with a documented API.","API_CREDENTIAL_LAST","api_terms","quarterly","API requires a key and has documented limits; keep credential-free/manual path first and never conflate archive custody with record producer.","https://www.archives.gov/research/catalog/help/api"
"SRC-CAND-0011","CIA FOIA Reading Room","VERIFIED_GOVERNMENT_ARCHIVE","https://www.cia.gov/readingroom/","Official CIA Freedom of Information Act Electronic Reading Room.","MANUAL_ONLY","respect","quarterly","Freeze exact released document manifestations; agency is producer/custodian depending record.","https://www.cia.gov/readingroom/"
"SRC-CAND-0012","SETI Institute","VERIFIED_RESEARCH_ORGANIZATION","https://www.seti.org/","Active SETI Institute research organization.","MANUAL_ONLY","respect","annual","Use exact article/report manifestation; organization identity does not imply authorship of every linked item.","https://www.seti.org/"
"SRC-CAND-0013","The Black Vault","VERIFIED_DISTINCT_DOCUMENT_ARCHIVE_ALIAS_REVIEW","https://www.theblackvault.com/","Active FOIA document archive; both theblackvault.com and blackvault.com currently surface The Black Vault content.","MANUAL_ONLY","respect","quarterly","Canonicalize to theblackvault.com only after retaining observed host aliases and exact manifestation URLs.","https://www.theblackvault.com/"
"SRC-CAND-0014","Primera Hora","VERIFIED_NEWS_MEDIA","https://www.primerahora.com/","Active Puerto Rico news publication.","MANUAL_ONLY","respect","annual","Article URL is manifestation; publication identity remains separate from quoted agencies/witnesses.","https://www.primerahora.com/"
"SRC-CAND-0015","Telemundo Puerto Rico","VERIFIED_NEWS_MEDIA","https://www.telemundopr.com/","Active Puerto Rico news/broadcast site.","MANUAL_ONLY","respect","annual","Article/video manifestation only; quoted sources remain separate identities.","https://www.telemundopr.com/"
"SRC-CAND-0016","NOAA Ocean Exploration","VERIFIED_GOVERNMENT_SCIENCE_SOURCE","https://oceanexplorer.noaa.gov/","Official NOAA Ocean Exploration program site.","MANUAL_ONLY","respect","quarterly","Use exact expedition/log/data manifestation; do not infer unrelated NOAA authority.","https://oceanexplorer.noaa.gov/"
"SRC-CAND-0017","Flying Saucer Review","VERIFIED_HISTORICAL_PUBLICATION_NO_OFFICIAL_ACTIVE_LOCATOR","","Historical periodical independently attested in archival catalogs; no current official publisher locator recovered.","MANUAL_ARCHIVE_ONLY","not_applicable","none","Bind a cited issue to the publication identity only when issue/volume manifestation is verified; archive host remains separate custodian.","https://iapsop.com/archive/materials/flying_saucer_review/"
