source_reference,case_count,artifact_id_rule,identity_status,release_path,release_blob_sha
"avherald.com","1","OVART_REF_ + first 24 hex chars of SHA-256(exact UTF-8 source_reference)","REFERENCE_ONLY_NOT_SOURCE_IDENTITY","releases/2026-06-23/ovnis_cases_master.csv","8b97115f32bfbe48e80fd96a36d74e4e4e168226"
"Chat-internal reference (Phase A live log)","6","OVART_REF_ + first 24 hex chars of SHA-256(exact UTF-8 source_reference)","REFERENCE_ONLY_NOT_SOURCE_IDENTITY","releases/2026-06-23/ovnis_cases_master.csv","8b97115f32bfbe48e80fd96a36d74e4e4e168226"
"Chat-internal reference (Stage B live log)","7","OVART_REF_ + first 24 hex chars of SHA-256(exact UTF-8 source_reference)","REFERENCE_ONLY_NOT_SOURCE_IDENTITY","releases/2026-06-23/ovnis_cases_master.csv","8b97115f32bfbe48e80fd96a36d74e4e4e168226"
"Flying Saucer Review V42N4 (1997)","1","OVART_REF_ + first 24 hex chars of SHA-256(exact UTF-8 source_reference)","REFERENCE_ONLY_NOT_SOURCE_IDENTITY","releases/2026-06-23/ovnis_cases_master.csv","8b97115f32bfbe48e80fd96a36d74e4e4e168226"
"http://inexplicata.blogspot.com/2007/08/puerto-rico-ufo-sighting-over-guanica.html","1","OVART_REF_ + first 24 hex chars of SHA-256(exact UTF-8 source_reference)","REFERENCE_ONLY_NOT_SOURCE_IDENTITY","releases/2026-06-23/ovnis_cases_master.csv","8b97115f32bfbe48e80fd96a36d74e4e4e168226"
"http://inexplicata.blogspot.com/2008/01/puerto-rico-giant-ufo-over-guanica.html","1","OVART_REF_ + first 24 hex chars of SHA-256(exact UTF-8 source_reference)","REFERENCE_ONLY_NOT_SOURCE_IDENTITY","releases/2026-06-23/ovnis_cases_master.csv","8b97115f32bfbe48e80fd96a36d74e4e4e168226"
"http://inexplicata.blogspot.com/2008/01/puerto-rico-ufos-over-quebradilla.html","6","OVART_REF_ + first 24 hex chars of SHA-256(exact UTF-8 source_reference)","REFERENCE_ONLY_NOT_SOURCE_IDENTITY","releases/2026-06-23/ovnis_cases_master.csv","8b97115f32bfbe48e80fd96a36d74e4e4e168226"
"http://inexplicata.blogspot.com/2009/04/puerto-rico-another-guanica-sighting.html","1","OVART_REF_ + first 24 hex chars of SHA-256(exact UTF-8 source_reference)","REFERENCE_ONLY_NOT_SOURCE_IDENTITY","releases/2026-06-23/ovnis_cases_master.csv","8b97115f32bfbe48e80fd96a36d74e4e4e168226"
"http://inexplicata.blogspot.com/2011/01/puerto-rico-ufos-over-cabo-rojo-and.html","1","OVART_REF_ + first 24 hex chars of SHA-256(exact UTF-8 source_reference)","REFERENCE_ONLY_NOT_SOURCE_IDENTITY","releases/2026-06-23/ovnis_cases_master.csv","8b97115f32bfbe48e80fd96a36d74e4e4e168226"
"http://inexplicata.blogspot.com/2011/02/puerto-rico-ufo-over-mayaguez.html","1","OVART_REF_ + first 24 hex chars of SHA-256(exact UTF-8 source_reference)","REFERENCE_ONLY_NOT_SOURCE_IDENTITY","releases/2026-06-23/ovnis_cases_master.csv","8b97115f32bfbe48e80fd96a36d74e4e4e168226"
"http://inexplicata.blogspot.com/2013/02/beast-on-move-chupacabras-returns.html","3","OVART_REF_ + first 24 hex chars of SHA-256(exact UTF-8 source_reference)","REFERENCE_ONLY_NOT_SOURCE_IDENTITY","releases/2026-06-23/ovnis_cases_master.csv","8b97115f32bfbe48e80fd96a36d74e4e4e168226"
"http://inexplicata.blogspot.com/2013/02/puerto-rico-guayama-animal-slaughter.html","1","OVART_REF_ + first 24 hex chars of SHA-256(exact UTF-8 source_reference)","REFERENCE_ONLY_NOT_SOURCE_IDENTITY","releases/2026-06-23/ovnis_cases_master.csv","8b97115f32bfbe48e80fd96a36d74e4e4e168226"
"http://inexplicata.blogspot.com/2014/02/chance-encounters-more-humanoids-among","1","OVART_REF_ + first 24 hex chars of SHA-256(exact UTF-8 source_reference)","REFERENCE_ONLY_NOT_SOURCE_IDENTITY","releases/2026-06-23/ovnis_cases_master.csv","8b97115f32bfbe48e80fd96a36d74e4e4e168226"
"http://inexplicata.blogspot.com/2015/08/puerto-rico-adjuntas-mystery-lost-in.html","4","OVART_REF_ + first 24 hex chars of SHA-256(exact UTF-8 source_reference)","REFERENCE_ONLY_NOT_SOURCE_IDENTITY","releases/2026-06-23/ovnis_cases_master.csv","8b97115f32bfbe48e80fd96a36d74e4e4e168226"
"http://inexplicata.blogspot.com/2017/01/puerto-rico-strange-creature.html","1","OVART_REF_ + first 24 hex chars of SHA-256(exact UTF-8 source_reference)","REFERENCE_ONLY_NOT_SOURCE_IDENTITY","releases/2026-06-23/ovnis_cases_master.csv","8b97115f32bfbe48e80fd96a36d74e4e4e168226"
"http://inexplicata.blogspot.com/2023/01/puerto-rico-saucers-in-70s.html","3","OVART_REF_ + first 24 hex chars of SHA-256(exact UTF-8 source_reference)","REFERENCE_ONLY_NOT_SOURCE_IDENTITY","releases/2026-06-23/ovnis_cases_master.csv","8b97115f32bfbe48e80fd96a36d74e4e4e168226"
"http://inexplicata.blogspot.com/2023/01/puerto-rico-shaky-alien-in-my-backyard.html","1","OVART_REF_ + first 24 hex chars of SHA-256(exact UTF-8 source_reference)","REFERENCE_ONLY_NOT_SOURCE_IDENTITY","releases/2026-06-23/ovnis_cases_master.csv","8b97115f32bfbe48e80fd96a36d74e4e4e168226"
"http://richardsportal.tripod.com/policeufo/LatinAmerica.html","1","OVART_REF_ + first 24 hex chars of SHA-256(exact UTF-8 source_reference)","REFERENCE_ONLY_NOT_SOURCE_IDENTITY","releases/2026-06-23/ovnis_cases_master.csv","8b97115f32bfbe48e80fd96a36d74e4e4e168226"
"http://www.nicap.org/521231puertorico_dir.htm","1","OVART_REF_ + first 24 hex chars of SHA-256(exact UTF-8 source_reference)","REFERENCE_ONLY_NOT_SOURCE_IDENTITY","releases/2026-06-23/ovnis_cases_master.csv","8b97115f32bfbe48e80fd96a36d74e4e4e168226"
"http://www.nicap.org/chronos/1952FIXED.htm","1","OVART_REF_ + first 24 hex chars of SHA-256(exact UTF-8 source_reference)","REFERENCE_ONLY_NOT_SOURCE_IDENTITY","releases/2026-06-23/ovnis_cases_master.csv","8b97115f32bfbe48e80fd96a36d74e4e4e168226"
"http://www.nicap.org/puerto520514dir.htm","1","OVART_REF_ + first 24 hex chars of SHA-256(exact UTF-8 source_reference)","REFERENCE_ONLY_NOT_SOURCE_IDENTITY","releases/2026-06-23/ovnis_cases_master.csv","8b97115f32bfbe48e80fd96a36d74e4e4e168226"
"http://www.ovni.net/actualidad/10-02-06.html","1","OVART_REF_ + first 24 hex chars of SHA-256(exact UTF-8 source_reference)","REFERENCE_ONLY_NOT_SOURCE_IDENTITY","releases/2026-06-23/ovnis_cases_master.csv","8b97115f32bfbe48e80fd96a36d74e4e4e168226"
"http://www.youtube.com/watch?v=sdbnde0mseQ","1","OVART_REF_ + first 24 hex chars of SHA-256(exact UTF-8 source_reference)","REFERENCE_ONLY_NOT_SOURCE_IDENTITY","releases/2026-06-23/ovnis_cases_master.csv","8b97115f32bfbe48e80fd96a36d74e4e4e168226"
"https://abcnews.go.com/International/story?id=81911&page=1","1","OVART_REF_ + first 24 hex chars of SHA-256(exact UTF-8 source_reference)","REFERENCE_ONLY_NOT_SOURCE_IDENTITY","releases/2026-06-23/ovnis_cases_master.csv","8b97115f32bfbe48e80fd96a36d74e4e4e168226"
"https://archive.dartmouthalumnimagazine.com/article/1954/2/1/ships-and-sugar-an-evaluation-of-puerto-rican-offshore-shipping","1","OVART_REF_ + first 24 hex chars of SHA-256(exact UTF-8 source_reference)","REFERENCE_ONLY_NOT_SOURCE_IDENTITY","releases/2026-06-23/ovnis_cases_master.csv","8b97115f32bfbe48e80fd96a36d74e4e4e168226"
"https://archive.org/details/1952-07-7479269-ILLEGIBLE-ILLEGIBLE-/page/n90/mode/1up?q=puerto+rico","1","OVART_REF_ + first 24 hex chars of SHA-256(exact UTF-8 source_reference)","REFERENCE_ONLY_NOT_SOURCE_IDENTITY","releases/2026-06-23/ovnis_cases_master.csv","8b97115f32bfbe48e80fd96a36d74e4e4e168226"
"https://archive.org/details/Cabo_Rojo_Lagoon_UAP_Sighting_2010_Report","1","OVART_REF_ + first 24 hex chars of SHA-256(exact UTF-8 source_reference)","REFERENCE_ONLY_NOT_SOURCE_IDENTITY","releases/2026-06-23/ovnis_cases_master.csv","8b97115f32bfbe48e80fd96a36d74e4e4e168226"
"https://archive.org/details/GeoExtract_Bot_Record_PR_B4_1999","1","OVART_REF_ + first 24 hex chars of SHA-256(exact UTF-8 source_reference)","REFERENCE_ONLY_NOT_SOURCE_IDENTITY","releases/2026-06-23/ovnis_cases_master.csv","8b97115f32bfbe48e80fd96a36d74e4e4e168226"
"https://archive.org/details/Sonar_Break_Isabela_July_2021_Log","1","OVART_REF_ + first 24 hex chars of SHA-256(exact UTF-8 source_reference)","REFERENCE_ONLY_NOT_SOURCE_IDENTITY","releases/2026-06-23/ovnis_cases_master.csv","8b97115f32bfbe48e80fd96a36d74e4e4e168226"
"https://archive.org/details/UFO_Cattle_Avoidance_Lajas2001","1","OVART_REF_ + first 24 hex chars of SHA-256(exact UTF-8 source_reference)","REFERENCE_ONLY_NOT_SOURCE_IDENTITY","releases/2026-06-23/ovnis_cases_master.csv","8b97115f32bfbe48e80fd96a36d74e4e4e168226"
"https://archive.org/stream/BernardSieglerTechnicsAndTime1TheFaultOfEpimetheus/Brad%20Sparks%20-%20Comprehensive%20Catalog%20of%201%2C600%20Project%20Blue%20Book%20UFO%20Unknowns_djvu.txt#:~:text=April%2016%2C%201967,%28Sparks%3B%20Tonv%20Rullan","1","OVART_REF_ + first 24 hex chars of SHA-256(exact UTF-8 source_reference)","REFERENCE_ONLY_NOT_SOURCE_IDENTITY","releases/2026-06-23/ovnis_cases_master.csv","8b97115f32bfbe48e80fd96a36d74e4e4e168226"
"https://assets.publishing.service.gov.uk/media/5d2dc667e5274a14e426cff3/20171221_Collections_level_catalogue_by_Welsh_and_Webb.pdf","1","OVART_REF_ + first 24 hex chars of SHA-256(exact UTF-8 source_reference)","REFERENCE_ONLY_NOT_SOURCE_IDENTITY","releases/2026-06-23/ovnis_cases_master.csv","8b97115f32bfbe48e80fd96a36d74e4e4e168226"
"https://books.google.com/books?id=fv1tDwAAQBAJ","1","OVART_REF_ + first 24 hex chars of SHA-256(exact UTF-8 source_reference)","REFERENCE_ONLY_NOT_SOURCE_IDENTITY","releases/2026-06-23/ovnis_cases_master.csv","8b97115f32bfbe48e80fd96a36d74e4e4e168226"
"https://books.google.com/books/about/Log_of_Diving_During_Rescue_and_Salvage.html?id=gGwZAQAAIAAJ","1","OVART_REF_ + first 24 hex chars of SHA-256(exact UTF-8 source_reference)","REFERENCE_ONLY_NOT_SOURCE_IDENTITY","releases/2026-06-23/ovnis_cases_master.csv","8b97115f32bfbe48e80fd96a36d74e4e4e168226"
"https://catalog.archives.gov/id/28996123","1","OVART_REF_ + first 24 hex chars of SHA-256(exact UTF-8 source_reference)","REFERENCE_ONLY_NOT_SOURCE_IDENTITY","releases/2026-06-23/ovnis_cases_master.csv","8b97115f32bfbe48e80fd96a36d74e4e4e168226"
"https://catalog.archives.gov/id/499915869","1","OVART_REF_ + first 24 hex chars of SHA-256(exact UTF-8 source_reference)","REFERENCE_ONLY_NOT_SOURCE_IDENTITY","releases/2026-06-23/ovnis_cases_master.csv","8b97115f32bfbe48e80fd96a36d74e4e4e168226"
"https://catalog.archives.gov/id/8701081","1","OVART_REF_ + first 24 hex chars of SHA-256(exact UTF-8 source_reference)","REFERENCE_ONLY_NOT_SOURCE_IDENTITY","releases/2026-06-23/ovnis_cases_master.csv","8b97115f32bfbe48e80fd96a36d74e4e4e168226"
"https://clipper-connection.blogspot.com/2015/06/accidentes-octubre-de-1929-agosto-de.html?m=1","1","OVART_REF_ + first 24 hex chars of SHA-256(exact UTF-8 source_reference)","REFERENCE_ONLY_NOT_SOURCE_IDENTITY","releases/2026-06-23/ovnis_cases_master.csv","8b97115f32bfbe48e80fd96a36d74e4e4e168226"
"https://commons.wikimedia.org/wiki/File:Project_Blue_Book_report_-_1960-09-8228136-RameyAFB-PuertoRico.pdf","1","OVART_REF_ + first 24 hex chars of SHA-256(exact UTF-8 source_reference)","REFERENCE_ONLY_NOT_SOURCE_IDENTITY","releases/2026-06-23/ovnis_cases_master.csv","8b97115f32bfbe48e80fd96a36d74e4e4e168226"
"https://commons.wikimedia.org/wiki/File:Project_Blue_Book_report_-_1961-02-8637640-SanJuan-PuertoRico.pdf","1","OVART_REF_ + first 24 hex chars of SHA-256(exact UTF-8 source_reference)","REFERENCE_ONLY_NOT_SOURCE_IDENTITY","releases/2026-06-23/ovnis_cases_master.csv","8b97115f32bfbe48e80fd96a36d74e4e4e168226"
"https://dn721808.ca.archive.org/0/items/jhs2-2/jhs2-2.pdf","4","OVART_REF_ + first 24 hex chars of SHA-256(exact UTF-8 source_reference)","REFERENCE_ONLY_NOT_SOURCE_IDENTITY","releases/2026-06-23/ovnis_cases_master.csv","8b97115f32bfbe48e80fd96a36d74e4e4e168226"
"https://doi.org/10.5281/zenodo.14647871","1","OVART_REF_ + first 24 hex chars of SHA-256(exact UTF-8 source_reference)","REFERENCE_ONLY_NOT_SOURCE_IDENTITY","releases/2026-06-23/ovnis_cases_master.csv","8b97115f32bfbe48e80fd96a36d74e4e4e168226"
"https://en.wikipedia.org/wiki/Caribair_(Puerto_Rico)","1","OVART_REF_ + first 24 hex chars of SHA-256(exact UTF-8 source_reference)","REFERENCE_ONLY_NOT_SOURCE_IDENTITY","releases/2026-06-23/ovnis_cases_master.csv","8b97115f32bfbe48e80fd96a36d74e4e4e168226"
"https://es.scribd.com/document/232770188/M-a-O-1987-1997-Decenio-Increible-de-Puerto-Ricohttp","7","OVART_REF_ + first 24 hex chars of SHA-256(exact UTF-8 source_reference)","REFERENCE_ONLY_NOT_SOURCE_IDENTITY","releases/2026-06-23/ovnis_cases_master.csv","8b97115f32bfbe48e80fd96a36d74e4e4e168226"
"https://inexplicata.blogspot.com/2006/02/puerto-rico-summary-of-ufo-cases.html?m=1","1","OVART_REF_ + first 24 hex chars of SHA-256(exact UTF-8 source_reference)","REFERENCE_ONLY_NOT_SOURCE_IDENTITY","releases/2026-06-23/ovnis_cases_master.csv","8b97115f32bfbe48e80fd96a36d74e4e4e168226"
"https://inexplicata.blogspot.com/2006/03/ufo-history-1974-santurce-pr-film.html","1","OVART_REF_ + first 24 hex chars of SHA-256(exact UTF-8 source_reference)","REFERENCE_ONLY_NOT_SOURCE_IDENTITY","releases/2026-06-23/ovnis_cases_master.csv","8b97115f32bfbe48e80fd96a36d74e4e4e168226"
"https://inexplicata.blogspot.com/2006/04/puerto-rico-animal-mutilation-in-san.html","1","OVART_REF_ + first 24 hex chars of SHA-256(exact UTF-8 source_reference)","REFERENCE_ONLY_NOT_SOURCE_IDENTITY","releases/2026-06-23/ovnis_cases_master.csv","8b97115f32bfbe48e80fd96a36d74e4e4e168226"
"https://inexplicata.blogspot.com/2006/09/puerto-rico-ufos-reported-in-northern.html","1","OVART_REF_ + first 24 hex chars of SHA-256(exact UTF-8 source_reference)","REFERENCE_ONLY_NOT_SOURCE_IDENTITY","releases/2026-06-23/ovnis_cases_master.csv","8b97115f32bfbe48e80fd96a36d74e4e4e168226"
"https://inexplicata.blogspot.com/2007/02/puerto-rico-summary-of-ufo-cases.html","7","OVART_REF_ + first 24 hex chars of SHA-256(exact UTF-8 source_reference)","REFERENCE_ONLY_NOT_SOURCE_IDENTITY","releases/2026-06-23/ovnis_cases_master.csv","8b97115f32bfbe48e80fd96a36d74e4e4e168226"
"https://inexplicata.blogspot.com/2007/04/puerto-rico-airport-employee-sees-ufo.html?m=1","1","OVART_REF_ + first 24 hex chars of SHA-256(exact UTF-8 source_reference)","REFERENCE_ONLY_NOT_SOURCE_IDENTITY","releases/2026-06-23/ovnis_cases_master.csv","8b97115f32bfbe48e80fd96a36d74e4e4e168226"
"https://inexplicata.blogspot.com/2008/01/fireballs-over-puerto-rico-ufos-or.html","2","OVART_REF_ + first 24 hex chars of SHA-256(exact UTF-8 source_reference)","REFERENCE_ONLY_NOT_SOURCE_IDENTITY","releases/2026-06-23/ovnis_cases_master.csv","8b97115f32bfbe48e80fd96a36d74e4e4e168226"
"https://inexplicata.blogspot.com/2008/01/puerto-rico-strange-lights-in-late-2007.html","1","OVART_REF_ + first 24 hex chars of SHA-256(exact UTF-8 source_reference)","REFERENCE_ONLY_NOT_SOURCE_IDENTITY","releases/2026-06-23/ovnis_cases_master.csv","8b97115f32bfbe48e80fd96a36d74e4e4e168226"
"https://inexplicata.blogspot.com/2008/01/puerto-rico-ufo-over-lares.html","1","OVART_REF_ + first 24 hex chars of SHA-256(exact UTF-8 source_reference)","REFERENCE_ONLY_NOT_SOURCE_IDENTITY","releases/2026-06-23/ovnis_cases_master.csv","8b97115f32bfbe48e80fd96a36d74e4e4e168226"
"https://inexplicata.blogspot.com/2008/05/puerto-rico-couple-photographs-ufo-over.html?m=1","1","OVART_REF_ + first 24 hex chars of SHA-256(exact UTF-8 source_reference)","REFERENCE_ONLY_NOT_SOURCE_IDENTITY","releases/2026-06-23/ovnis_cases_master.csv","8b97115f32bfbe48e80fd96a36d74e4e4e168226"
"https://inexplicata.blogspot.com/2009/01/puerto-rico-strange-lights-reported-in.html","2","OVART_REF_ + first 24 hex chars of SHA-256(exact UTF-8 source_reference)","REFERENCE_ONLY_NOT_SOURCE_IDENTITY","releases/2026-06-23/ovnis_cases_master.csv","8b97115f32bfbe48e80fd96a36d74e4e4e168226"
"https://inexplicata.blogspot.com/2009/03/puerto-rico-luminous-object-over-guanica.html","1","OVART_REF_ + first 24 hex chars of SHA-256(exact UTF-8 source_reference)","REFERENCE_ONLY_NOT_SOURCE_IDENTITY","releases/2026-06-23/ovnis_cases_master.csv","8b97115f32bfbe48e80fd96a36d74e4e4e168226"
"https://inexplicata.blogspot.com/2009/11/puerto-rico-triangular-ufo-over.html?m=1","3","OVART_REF_ + first 24 hex chars of SHA-256(exact UTF-8 source_reference)","REFERENCE_ONLY_NOT_SOURCE_IDENTITY","releases/2026-06-23/ovnis_cases_master.csv","8b97115f32bfbe48e80fd96a36d74e4e4e168226"
"https://inexplicata.blogspot.com/2010/06/of-humans-and-parahumans.html","1","OVART_REF_ + first 24 hex chars of SHA-256(exact UTF-8 source_reference)","REFERENCE_ONLY_NOT_SOURCE_IDENTITY","releases/2026-06-23/ovnis_cases_master.csv","8b97115f32bfbe48e80fd96a36d74e4e4e168226"
"https://inexplicata.blogspot.com/2010/08/ufos-in-1950s-caribbean-crisis-by-scott.html","4","OVART_REF_ + first 24 hex chars of SHA-256(exact UTF-8 source_reference)","REFERENCE_ONLY_NOT_SOURCE_IDENTITY","releases/2026-06-23/ovnis_cases_master.csv","8b97115f32bfbe48e80fd96a36d74e4e4e168226"
"https://inexplicata.blogspot.com/2010/08/ufos‑in‑1950s‑caribbean‑crisis‑by‑scott.html","3","OVART_REF_ + first 24 hex chars of SHA-256(exact UTF-8 source_reference)","REFERENCE_ONLY_NOT_SOURCE_IDENTITY","releases/2026-06-23/ovnis_cases_master.csv","8b97115f32bfbe48e80fd96a36d74e4e4e168226"
"https://inexplicata.blogspot.com/2010/09/mystery-animals-yesterday-and-today","1","OVART_REF_ + first 24 hex chars of SHA-256(exact UTF-8 source_reference)","REFERENCE_ONLY_NOT_SOURCE_IDENTITY","releases/2026-06-23/ovnis_cases_master.csv","8b97115f32bfbe48e80fd96a36d74e4e4e168226"
"https://inexplicata.blogspot.com/2010/09/mystery-animals-yesterday-and-today.html","3","OVART_REF_ + first 24 hex chars of SHA-256(exact UTF-8 source_reference)","REFERENCE_ONLY_NOT_SOURCE_IDENTITY","releases/2026-06-23/ovnis_cases_master.csv","8b97115f32bfbe48e80fd96a36d74e4e4e168226"
"https://inexplicata.blogspot.com/2011/04/dark-holiness-forgotten-apparitions","1","OVART_REF_ + first 24 hex chars of SHA-256(exact UTF-8 source_reference)","REFERENCE_ONLY_NOT_SOURCE_IDENTITY","releases/2026-06-23/ovnis_cases_master.csv","8b97115f32bfbe48e80fd96a36d74e4e4e168226"
"https://inexplicata.blogspot.com/2012/01/electromagnetic-effects-ce-iis.html","1","OVART_REF_ + first 24 hex chars of SHA-256(exact UTF-8 source_reference)","REFERENCE_ONLY_NOT_SOURCE_IDENTITY","releases/2026-06-23/ovnis_cases_master.csv","8b97115f32bfbe48e80fd96a36d74e4e4e168226"
"https://inexplicata.blogspot.com/2012/06/touch-of-darkness-cemeteries-and-ufos","1","OVART_REF_ + first 24 hex chars of SHA-256(exact UTF-8 source_reference)","REFERENCE_ONLY_NOT_SOURCE_IDENTITY","releases/2026-06-23/ovnis_cases_master.csv","8b97115f32bfbe48e80fd96a36d74e4e4e168226"
"https://inexplicata.blogspot.com/2012/10/spirit-of-radio-broadcasts-from-unknown","1","OVART_REF_ + first 24 hex chars of SHA-256(exact UTF-8 source_reference)","REFERENCE_ONLY_NOT_SOURCE_IDENTITY","releases/2026-06-23/ovnis_cases_master.csv","8b97115f32bfbe48e80fd96a36d74e4e4e168226"
"https://inexplicata.blogspot.com/2012/10/spirit-of-radio-broadcasts-from-unknown.html","1","OVART_REF_ + first 24 hex chars of SHA-256(exact UTF-8 source_reference)","REFERENCE_ONLY_NOT_SOURCE_IDENTITY","releases/2026-06-23/ovnis_cases_master.csv","8b97115f32bfbe48e80fd96a36d74e4e4e168226"
"https://inexplicata.blogspot.com/2013/04/gathering-evidence-from-unknown-entity.html","1","OVART_REF_ + first 24 hex chars of SHA-256(exact UTF-8 source_reference)","REFERENCE_ONLY_NOT_SOURCE_IDENTITY","releases/2026-06-23/ovnis_cases_master.csv","8b97115f32bfbe48e80fd96a36d74e4e4e168226"
"https://inexplicata.blogspot.com/2013/04/puerto-rico-chupacabras-night-siege.html","1","OVART_REF_ + first 24 hex chars of SHA-256(exact UTF-8 source_reference)","REFERENCE_ONLY_NOT_SOURCE_IDENTITY","releases/2026-06-23/ovnis_cases_master.csv","8b97115f32bfbe48e80fd96a36d74e4e4e168226"
"https://inexplicata.blogspot.com/2013/04/puerto-rico-chupacabras-sudden-impact.html","1","OVART_REF_ + first 24 hex chars of SHA-256(exact UTF-8 source_reference)","REFERENCE_ONLY_NOT_SOURCE_IDENTITY","releases/2026-06-23/ovnis_cases_master.csv","8b97115f32bfbe48e80fd96a36d74e4e4e168226"
"https://inexplicata.blogspot.com/2013/04/puerto-rico-chupacabras-update-04282013.html","1","OVART_REF_ + first 24 hex chars of SHA-256(exact UTF-8 source_reference)","REFERENCE_ONLY_NOT_SOURCE_IDENTITY","releases/2026-06-23/ovnis_cases_master.csv","8b97115f32bfbe48e80fd96a36d74e4e4e168226"
"https://inexplicata.blogspot.com/2013/04/puerto-rico-new-spree-of-chupacabras.html","1","OVART_REF_ + first 24 hex chars of SHA-256(exact UTF-8 source_reference)","REFERENCE_ONLY_NOT_SOURCE_IDENTITY","releases/2026-06-23/ovnis_cases_master.csv","8b97115f32bfbe48e80fd96a36d74e4e4e168226"
"https://inexplicata.blogspot.com/2015/08/adjuntas-mystery-lost-in-mountains","4","OVART_REF_ + first 24 hex chars of SHA-256(exact UTF-8 source_reference)","REFERENCE_ONLY_NOT_SOURCE_IDENTITY","releases/2026-06-23/ovnis_cases_master.csv","8b97115f32bfbe48e80fd96a36d74e4e4e168226"
"https://inexplicata.blogspot.com/2015/08/adjuntas-mystery-lost-in-mountains.html","1","OVART_REF_ + first 24 hex chars of SHA-256(exact UTF-8 source_reference)","REFERENCE_ONLY_NOT_SOURCE_IDENTITY","releases/2026-06-23/ovnis_cases_master.csv","8b97115f32bfbe48e80fd96a36d74e4e4e168226"
"https://inexplicata.blogspot.com/2015/11/passing-out-of-sight-chronicle-of","1","OVART_REF_ + first 24 hex chars of SHA-256(exact UTF-8 source_reference)","REFERENCE_ONLY_NOT_SOURCE_IDENTITY","releases/2026-06-23/ovnis_cases_master.csv","8b97115f32bfbe48e80fd96a36d74e4e4e168226"
"https://inexplicata.blogspot.com/2016/06/the-pulse-of-ufos-and-paranormal-two.html","2","OVART_REF_ + first 24 hex chars of SHA-256(exact UTF-8 source_reference)","REFERENCE_ONLY_NOT_SOURCE_IDENTITY","releases/2026-06-23/ovnis_cases_master.csv","8b97115f32bfbe48e80fd96a36d74e4e4e168226"
"https://inexplicata.blogspot.com/2023/01/puerto-rico-shaky-alien-in-my-backyard.html","1","OVART_REF_ + first 24 hex chars of SHA-256(exact UTF-8 source_reference)","REFERENCE_ONLY_NOT_SOURCE_IDENTITY","releases/2026-06-23/ovnis_cases_master.csv","8b97115f32bfbe48e80fd96a36d74e4e4e168226"
"https://inexplicata.blogspot.com/2024/01/50-years-ago-puerto-ricos-flamingo.html?m=1","1","OVART_REF_ + first 24 hex chars of SHA-256(exact UTF-8 source_reference)","REFERENCE_ONLY_NOT_SOURCE_IDENTITY","releases/2026-06-23/ovnis_cases_master.csv","8b97115f32bfbe48e80fd96a36d74e4e4e168226"
"https://misteriossinrespuesta.blogspot.com/2008/01/ovni-ren-caja-de-muerto.html","1","OVART_REF_ + first 24 hex chars of SHA-256(exact UTF-8 source_reference)","REFERENCE_ONLY_NOT_SOURCE_IDENTITY","releases/2026-06-23/ovnis_cases_master.csv","8b97115f32bfbe48e80fd96a36d74e4e4e168226"
"https://mufoncms.com/cgi-bin/report_handler.pl?req=view_long_desc&id=12345","1","OVART_REF_ + first 24 hex chars of SHA-256(exact UTF-8 source_reference)","REFERENCE_ONLY_NOT_SOURCE_IDENTITY","releases/2026-06-23/ovnis_cases_master.csv","8b97115f32bfbe48e80fd96a36d74e4e4e168226"
"https://mufoncms.com/cgi-bin/report_handler.pl?req=view_long_desc&id=123456","1","OVART_REF_ + first 24 hex chars of SHA-256(exact UTF-8 source_reference)","REFERENCE_ONLY_NOT_SOURCE_IDENTITY","releases/2026-06-23/ovnis_cases_master.csv","8b97115f32bfbe48e80fd96a36d74e4e4e168226"
"https://mufoncms.com/cgi-bin/report_handler.pl?req=view_long_desc&id=67890","1","OVART_REF_ + first 24 hex chars of SHA-256(exact UTF-8 source_reference)","REFERENCE_ONLY_NOT_SOURCE_IDENTITY","releases/2026-06-23/ovnis_cases_master.csv","8b97115f32bfbe48e80fd96a36d74e4e4e168226"
"https://mufoncms.com/cgi-bin/report_handler.pl?req=view_long_desc&id=PR20180618","1","OVART_REF_ + first 24 hex chars of SHA-256(exact UTF-8 source_reference)","REFERENCE_ONLY_NOT_SOURCE_IDENTITY","releases/2026-06-23/ovnis_cases_master.csv","8b97115f32bfbe48e80fd96a36d74e4e4e168226"
"https://news.yahoo.com/navy-officer-says-underwater-ufos-are-legitimate-threats-the-evidence-is-hard-to-ignore-133058547.html","1","OVART_REF_ + first 24 hex chars of SHA-256(exact UTF-8 source_reference)","REFERENCE_ONLY_NOT_SOURCE_IDENTITY","releases/2026-06-23/ovnis_cases_master.csv","8b97115f32bfbe48e80fd96a36d74e4e4e168226"
"https://nuforc.org","1","OVART_REF_ + first 24 hex chars of SHA-256(exact UTF-8 source_reference)","REFERENCE_ONLY_NOT_SOURCE_IDENTITY","releases/2026-06-23/ovnis_cases_master.csv","8b97115f32bfbe48e80fd96a36d74e4e4e168226"
"https://nuforc.org/sighting/?id=10267","1","OVART_REF_ + first 24 hex chars of SHA-256(exact UTF-8 source_reference)","REFERENCE_ONLY_NOT_SOURCE_IDENTITY","releases/2026-06-23/ovnis_cases_master.csv","8b97115f32bfbe48e80fd96a36d74e4e4e168226"
"https://nuforc.org/sighting/?id=10270","1","OVART_REF_ + first 24 hex chars of SHA-256(exact UTF-8 source_reference)","REFERENCE_ONLY_NOT_SOURCE_IDENTITY","releases/2026-06-23/ovnis_cases_master.csv","8b97115f32bfbe48e80fd96a36d74e4e4e168226"
"https://nuforc.org/sighting/?id=11902","1","OVART_REF_ + first 24 hex chars of SHA-256(exact UTF-8 source_reference)","REFERENCE_ONLY_NOT_SOURCE_IDENTITY","releases/2026-06-23/ovnis_cases_master.csv","8b97115f32bfbe48e80fd96a36d74e4e4e168226"
"https://nuforc.org/sighting/?id=12246","1","OVART_REF_ + first 24 hex chars of SHA-256(exact UTF-8 source_reference)","REFERENCE_ONLY_NOT_SOURCE_IDENTITY","releases/2026-06-23/ovnis_cases_master.csv","8b97115f32bfbe48e80fd96a36d74e4e4e168226"
"https://nuforc.org/sighting/?id=14203","1","OVART_REF_ + first 24 hex chars of SHA-256(exact UTF-8 source_reference)","REFERENCE_ONLY_NOT_SOURCE_IDENTITY","releases/2026-06-23/ovnis_cases_master.csv","8b97115f32bfbe48e80fd96a36d74e4e4e168226"
"https://nuforc.org/sighting/?id=15695","1","OVART_REF_ + first 24 hex chars of SHA-256(exact UTF-8 source_reference)","REFERENCE_ONLY_NOT_SOURCE_IDENTITY","releases/2026-06-23/ovnis_cases_master.csv","8b97115f32bfbe48e80fd96a36d74e4e4e168226"
"https://nuforc.org/sighting/?id=184684","1","OVART_REF_ + first 24 hex chars of SHA-256(exact UTF-8 source_reference)","REFERENCE_ONLY_NOT_SOURCE_IDENTITY","releases/2026-06-23/ovnis_cases_master.csv","8b97115f32bfbe48e80fd96a36d74e4e4e168226"
"https://nuforc.org/sighting/?id=186332","1","OVART_REF_ + first 24 hex chars of SHA-256(exact UTF-8 source_reference)","REFERENCE_ONLY_NOT_SOURCE_IDENTITY","releases/2026-06-23/ovnis_cases_master.csv","8b97115f32bfbe48e80fd96a36d74e4e4e168226"
"https://nuforc.org/sighting/?id=191914","1","OVART_REF_ + first 24 hex chars of SHA-256(exact UTF-8 source_reference)","REFERENCE_ONLY_NOT_SOURCE_IDENTITY","releases/2026-06-23/ovnis_cases_master.csv","8b97115f32bfbe48e80fd96a36d74e4e4e168226"
"https://nuforc.org/sighting/?id=20913","1","OVART_REF_ + first 24 hex chars of SHA-256(exact UTF-8 source_reference)","REFERENCE_ONLY_NOT_SOURCE_IDENTITY","releases/2026-06-23/ovnis_cases_master.csv","8b97115f32bfbe48e80fd96a36d74e4e4e168226"
"https://nuforc.org/sighting/?id=29403","1","OVART_REF_ + first 24 hex chars of SHA-256(exact UTF-8 source_reference)","REFERENCE_ONLY_NOT_SOURCE_IDENTITY","releases/2026-06-23/ovnis_cases_master.csv","8b97115f32bfbe48e80fd96a36d74e4e4e168226"
"https://nuforc.org/sighting/?id=3028","1","OVART_REF_ + first 24 hex chars of SHA-256(exact UTF-8 source_reference)","REFERENCE_ONLY_NOT_SOURCE_IDENTITY","releases/2026-06-23/ovnis_cases_master.csv","8b97115f32bfbe48e80fd96a36d74e4e4e168226"
"https://nuforc.org/sighting/?id=3240","1","OVART_REF_ + first 24 hex chars of SHA-256(exact UTF-8 source_reference)","REFERENCE_ONLY_NOT_SOURCE_IDENTITY","releases/2026-06-23/ovnis_cases_master.csv","8b97115f32bfbe48e80fd96a36d74e4e4e168226"
"https://nuforc.org/sighting/?id=34448","1","OVART_REF_ + first 24 hex chars of SHA-256(exact UTF-8 source_reference)","REFERENCE_ONLY_NOT_SOURCE_IDENTITY","releases/2026-06-23/ovnis_cases_master.csv","8b97115f32bfbe48e80fd96a36d74e4e4e168226"
"https://nuforc.org/sighting/?id=4524","1","OVART_REF_ + first 24 hex chars of SHA-256(exact UTF-8 source_reference)","REFERENCE_ONLY_NOT_SOURCE_IDENTITY","releases/2026-06-23/ovnis_cases_master.csv","8b97115f32bfbe48e80fd96a36d74e4e4e168226"
"https://nuforc.org/sighting/?id=4560","1","OVART_REF_ + first 24 hex chars of SHA-256(exact UTF-8 source_reference)","REFERENCE_ONLY_NOT_SOURCE_IDENTITY","releases/2026-06-23/ovnis_cases_master.csv","8b97115f32bfbe48e80fd96a36d74e4e4e168226"
"https://nuforc.org/sighting/?id=49549","1","OVART_REF_ + first 24 hex chars of SHA-256(exact UTF-8 source_reference)","REFERENCE_ONLY_NOT_SOURCE_IDENTITY","releases/2026-06-23/ovnis_cases_master.csv","8b97115f32bfbe48e80fd96a36d74e4e4e168226"
"https://nuforc.org/sighting/?id=57100","1","OVART_REF_ + first 24 hex chars of SHA-256(exact UTF-8 source_reference)","REFERENCE_ONLY_NOT_SOURCE_IDENTITY","releases/2026-06-23/ovnis_cases_master.csv","8b97115f32bfbe48e80fd96a36d74e4e4e168226"
"https://nuforc.org/sighting/?id=64448","1","OVART_REF_ + first 24 hex chars of SHA-256(exact UTF-8 source_reference)","REFERENCE_ONLY_NOT_SOURCE_IDENTITY","releases/2026-06-23/ovnis_cases_master.csv","8b97115f32bfbe48e80fd96a36d74e4e4e168226"
"https://nuforc.org/sighting/?id=65554","2","OVART_REF_ + first 24 hex chars of SHA-256(exact UTF-8 source_reference)","REFERENCE_ONLY_NOT_SOURCE_IDENTITY","releases/2026-06-23/ovnis_cases_master.csv","8b97115f32bfbe48e80fd96a36d74e4e4e168226"
"https://nuforc.org/sighting/?id=66795","1","OVART_REF_ + first 24 hex chars of SHA-256(exact UTF-8 source_reference)","REFERENCE_ONLY_NOT_SOURCE_IDENTITY","releases/2026-06-23/ovnis_cases_master.csv","8b97115f32bfbe48e80fd96a36d74e4e4e168226"
"https://nuforc.org/sighting/?id=67756","1","OVART_REF_ + first 24 hex chars of SHA-256(exact UTF-8 source_reference)","REFERENCE_ONLY_NOT_SOURCE_IDENTITY","releases/2026-06-23/ovnis_cases_master.csv","8b97115f32bfbe48e80fd96a36d74e4e4e168226"
"https://nuforc.org/sighting/?id=72900","1","OVART_REF_ + first 24 hex chars of SHA-256(exact UTF-8 source_reference)","REFERENCE_ONLY_NOT_SOURCE_IDENTITY","releases/2026-06-23/ovnis_cases_master.csv","8b97115f32bfbe48e80fd96a36d74e4e4e168226"
"https://nuforc.org/sighting/?id=80294","1","OVART_REF_ + first 24 hex chars of SHA-256(exact UTF-8 source_reference)","REFERENCE_ONLY_NOT_SOURCE_IDENTITY","releases/2026-06-23/ovnis_cases_master.csv","8b97115f32bfbe48e80fd96a36d74e4e4e168226"
"https://nuforc.org/sighting/?id=81510","2","OVART_REF_ + first 24 hex chars of SHA-256(exact UTF-8 source_reference)","REFERENCE_ONLY_NOT_SOURCE_IDENTITY","releases/2026-06-23/ovnis_cases_master.csv","8b97115f32bfbe48e80fd96a36d74e4e4e168226"
"https://nuforc.org/sighting/?id=81622","1","OVART_REF_ + first 24 hex chars of SHA-256(exact UTF-8 source_reference)","REFERENCE_ONLY_NOT_SOURCE_IDENTITY","releases/2026-06-23/ovnis_cases_master.csv","8b97115f32bfbe48e80fd96a36d74e4e4e168226"
"https://nuforc.org/sighting/?id=84240","1","OVART_REF_ + first 24 hex chars of SHA-256(exact UTF-8 source_reference)","REFERENCE_ONLY_NOT_SOURCE_IDENTITY","releases/2026-06-23/ovnis_cases_master.csv","8b97115f32bfbe48e80fd96a36d74e4e4e168226"
"https://nuforc.org/sighting/?id=85472","1","OVART_REF_ + first 24 hex chars of SHA-256(exact UTF-8 source_reference)","REFERENCE_ONLY_NOT_SOURCE_IDENTITY","releases/2026-06-23/ovnis_cases_master.csv","8b97115f32bfbe48e80fd96a36d74e4e4e168226"
"https://nuforc.org/sighting/?id=91322","1","OVART_REF_ + first 24 hex chars of SHA-256(exact UTF-8 source_reference)","REFERENCE_ONLY_NOT_SOURCE_IDENTITY","releases/2026-06-23/ovnis_cases_master.csv","8b97115f32bfbe48e80fd96a36d74e4e4e168226"
"https://nuforc.org/sighting/?id=9581","1","OVART_REF_ + first 24 hex chars of SHA-256(exact UTF-8 source_reference)","REFERENCE_ONLY_NOT_SOURCE_IDENTITY","releases/2026-06-23/ovnis_cases_master.csv","8b97115f32bfbe48e80fd96a36d74e4e4e168226"
"https://nuforc.org/webreports/046/S46504.html","1","OVART_REF_ + first 24 hex chars of SHA-256(exact UTF-8 source_reference)","REFERENCE_ONLY_NOT_SOURCE_IDENTITY","releases/2026-06-23/ovnis_cases_master.csv","8b97115f32bfbe48e80fd96a36d74e4e4e168226"
"https://oakland.migenweb.org/documents/steiner_donald_death.php","1","OVART_REF_ + first 24 hex chars of SHA-256(exact UTF-8 source_reference)","REFERENCE_ONLY_NOT_SOURCE_IDENTITY","releases/2026-06-23/ovnis_cases_master.csv","8b97115f32bfbe48e80fd96a36d74e4e4e168226"
"https://oceanexplorer.noaa.gov/explorations/14puertorico/logs/aug8/aug8.html=","1","OVART_REF_ + first 24 hex chars of SHA-256(exact UTF-8 source_reference)","REFERENCE_ONLY_NOT_SOURCE_IDENTITY","releases/2026-06-23/ovnis_cases_master.csv","8b97115f32bfbe48e80fd96a36d74e4e4e168226"
"https://ovni-info.blogspot.com/2012/07/ovnis-avistados-en-puerto-rico-de-1972.html","3","OVART_REF_ + first 24 hex chars of SHA-256(exact UTF-8 source_reference)","REFERENCE_ONLY_NOT_SOURCE_IDENTITY","releases/2026-06-23/ovnis_cases_master.csv","8b97115f32bfbe48e80fd96a36d74e4e4e168226"
"https://phantomsandmonsters.com/post/1757668014488","13","OVART_REF_ + first 24 hex chars of SHA-256(exact UTF-8 source_reference)","REFERENCE_ONLY_NOT_SOURCE_IDENTITY","releases/2026-06-23/ovnis_cases_master.csv","8b97115f32bfbe48e80fd96a36d74e4e4e168226"
"https://puretranquilitypublishing.com/ufo-sightings-2011-processed/","1","OVART_REF_ + first 24 hex chars of SHA-256(exact UTF-8 source_reference)","REFERENCE_ONLY_NOT_SOURCE_IDENTITY","releases/2026-06-23/ovnis_cases_master.csv","8b97115f32bfbe48e80fd96a36d74e4e4e168226"
"https://s3.us-east-1.amazonaws.com/documents.scribd.com/docs/8tl6d02x1c48ja5k.pdf?response-content-disposition=attachment%3B%20filename%3D%22251572168-INEXPLICATA-UFOs-in-Latin-America-and-Spain.pdf%22%3B%20filename%2A%3DUTF-8%27%27251572168-INEXPLICATA-UFOs-in-Latin-America-and-Spain.pdf&X-Amz-Algorithm=AWS4-HMAC-SHA256&X-Amz-Credential=AKIAIXSVRPH7S3LLN3RQ%2F20250727%2Fus-east-1%2Fs3%2Faws4_request&X-Amz-Date=20250727T185408Z&X-Amz-Expires=300&X-Amz-SignedHeaders=host&X-Amz-Signature=392daec43c9983ecc2827707d2aebdf44845a51f1a3583b4f501b756dd50aae2","1","OVART_REF_ + first 24 hex chars of SHA-256(exact UTF-8 source_reference)","REFERENCE_ONLY_NOT_SOURCE_IDENTITY","releases/2026-06-23/ovnis_cases_master.csv","8b97115f32bfbe48e80fd96a36d74e4e4e168226"
"https://thephenomenon.app/adjuntas/2016-07-14_disc_adjuntas/","1","OVART_REF_ + first 24 hex chars of SHA-256(exact UTF-8 source_reference)","REFERENCE_ONLY_NOT_SOURCE_IDENTITY","releases/2026-06-23/ovnis_cases_master.csv","8b97115f32bfbe48e80fd96a36d74e4e4e168226"
"https://thephenomenon.app/caribbean-sea/unknown_caribbean-sea/","1","OVART_REF_ + first 24 hex chars of SHA-256(exact UTF-8 source_reference)","REFERENCE_ONLY_NOT_SOURCE_IDENTITY","releases/2026-06-23/ovnis_cases_master.csv","8b97115f32bfbe48e80fd96a36d74e4e4e168226"
"https://thephenomenon.app/ponce/2016-03-10_flash_ponce/","1","OVART_REF_ + first 24 hex chars of SHA-256(exact UTF-8 source_reference)","REFERENCE_ONLY_NOT_SOURCE_IDENTITY","releases/2026-06-23/ovnis_cases_master.csv","8b97115f32bfbe48e80fd96a36d74e4e4e168226"
"https://thephenomenon.app/san-juan/2016-09-10_other_san-juan/","1","OVART_REF_ + first 24 hex chars of SHA-256(exact UTF-8 source_reference)","REFERENCE_ONLY_NOT_SOURCE_IDENTITY","releases/2026-06-23/ovnis_cases_master.csv","8b97115f32bfbe48e80fd96a36d74e4e4e168226"
"https://ufocasebook.com/Photo-Large-UFO-Levittown-Puerto-Rico.html","1","OVART_REF_ + first 24 hex chars of SHA-256(exact UTF-8 source_reference)","REFERENCE_ONLY_NOT_SOURCE_IDENTITY","releases/2026-06-23/ovnis_cases_master.csv","8b97115f32bfbe48e80fd96a36d74e4e4e168226"
"https://web.archive.org/web/20050816214325/http://www.ufopr.com/articles/roosevelt2004video.html,","1","OVART_REF_ + first 24 hex chars of SHA-256(exact UTF-8 source_reference)","REFERENCE_ONLY_NOT_SOURCE_IDENTITY","releases/2026-06-23/ovnis_cases_master.csv","8b97115f32bfbe48e80fd96a36d74e4e4e168226"
"https://web.archive.org/web/20170213145801/http://ufoarchives.net/field_reports/","1","OVART_REF_ + first 24 hex chars of SHA-256(exact UTF-8 source_reference)","REFERENCE_ONLY_NOT_SOURCE_IDENTITY","releases/2026-06-23/ovnis_cases_master.csv","8b97115f32bfbe48e80fd96a36d74e4e4e168226"
"https://web.archive.org/web/20230312/https://viequesuap.net/footage_0223","1","OVART_REF_ + first 24 hex chars of SHA-256(exact UTF-8 source_reference)","REFERENCE_ONLY_NOT_SOURCE_IDENTITY","releases/2026-06-23/ovnis_cases_master.csv","8b97115f32bfbe48e80fd96a36d74e4e4e168226"
"https://www.aaro.mil/Portals/136/PDFs/PR_Ponce_2020.pdf","1","OVART_REF_ + first 24 hex chars of SHA-256(exact UTF-8 source_reference)","REFERENCE_ONLY_NOT_SOURCE_IDENTITY","releases/2026-06-23/ovnis_cases_master.csv","8b97115f32bfbe48e80fd96a36d74e4e4e168226"
"https://www.abovetopsecret.com/forum/thread1258102/pg1","1","OVART_REF_ + first 24 hex chars of SHA-256(exact UTF-8 source_reference)","REFERENCE_ONLY_NOT_SOURCE_IDENTITY","releases/2026-06-23/ovnis_cases_master.csv","8b97115f32bfbe48e80fd96a36d74e4e4e168226"
"https://www.archives.gov/files/research/military/ufos/case-pr-1977.pdf","1","OVART_REF_ + first 24 hex chars of SHA-256(exact UTF-8 source_reference)","REFERENCE_ONLY_NOT_SOURCE_IDENTITY","releases/2026-06-23/ovnis_cases_master.csv","8b97115f32bfbe48e80fd96a36d74e4e4e168226"
"https://www.artangel.org.uk/witness/ufo-sightings-from-around-world/","1","OVART_REF_ + first 24 hex chars of SHA-256(exact UTF-8 source_reference)","REFERENCE_ONLY_NOT_SOURCE_IDENTITY","releases/2026-06-23/ovnis_cases_master.csv","8b97115f32bfbe48e80fd96a36d74e4e4e168226"
"https://www.ayfo.es/2016/01/puerto-rico-bases-agendas-y-testimonios.html","1","OVART_REF_ + first 24 hex chars of SHA-256(exact UTF-8 source_reference)","REFERENCE_ONLY_NOT_SOURCE_IDENTITY","releases/2026-06-23/ovnis_cases_master.csv","8b97115f32bfbe48e80fd96a36d74e4e4e168226"
"https://www.blackvault.com/documentarchive/uscg-culebra-2020/","1","OVART_REF_ + first 24 hex chars of SHA-256(exact UTF-8 source_reference)","REFERENCE_ONLY_NOT_SOURCE_IDENTITY","releases/2026-06-23/ovnis_cases_master.csv","8b97115f32bfbe48e80fd96a36d74e4e4e168226"
"https://www.blackvault.com/documentarchive/uscg-desecheo-2021/","1","OVART_REF_ + first 24 hex chars of SHA-256(exact UTF-8 source_reference)","REFERENCE_ONLY_NOT_SOURCE_IDENTITY","releases/2026-06-23/ovnis_cases_master.csv","8b97115f32bfbe48e80fd96a36d74e4e4e168226"
"https://www.britannica.com/topic/chupacabra","1","OVART_REF_ + first 24 hex chars of SHA-256(exact UTF-8 source_reference)","REFERENCE_ONLY_NOT_SOURCE_IDENTITY","releases/2026-06-23/ovnis_cases_master.csv","8b97115f32bfbe48e80fd96a36d74e4e4e168226"
"https://www.cia.gov/readingroom/document/cia-rdp81r00560r000100010001-0","3","OVART_REF_ + first 24 hex chars of SHA-256(exact UTF-8 source_reference)","REFERENCE_ONLY_NOT_SOURCE_IDENTITY","releases/2026-06-23/ovnis_cases_master.csv","8b97115f32bfbe48e80fd96a36d74e4e4e168226"
"https://www.elvocero.com/actualidad/extra/vecinos-alertas-por-chupacabras-en-lares/article_c50946d2-6c9d-11e9-b152-fb61ef1b317c.html","1","OVART_REF_ + first 24 hex chars of SHA-256(exact UTF-8 source_reference)","REFERENCE_ONLY_NOT_SOURCE_IDENTITY","releases/2026-06-23/ovnis_cases_master.csv","8b97115f32bfbe48e80fd96a36d74e4e4e168226"
"https://www.esd.whs.mil/FOIA/UFODocs/PR_Vieques_1959.pdf","1","OVART_REF_ + first 24 hex chars of SHA-256(exact UTF-8 source_reference)","REFERENCE_ONLY_NOT_SOURCE_IDENTITY","releases/2026-06-23/ovnis_cases_master.csv","8b97115f32bfbe48e80fd96a36d74e4e4e168226"
"https://www.faa.gov/about/office_org/headquarters_offices/ato/foia/","2","OVART_REF_ + first 24 hex chars of SHA-256(exact UTF-8 source_reference)","REFERENCE_ONLY_NOT_SOURCE_IDENTITY","releases/2026-06-23/ovnis_cases_master.csv","8b97115f32bfbe48e80fd96a36d74e4e4e168226"
"https://www.fold3.com/document/267575195/","1","OVART_REF_ + first 24 hex chars of SHA-256(exact UTF-8 source_reference)","REFERENCE_ONLY_NOT_SOURCE_IDENTITY","releases/2026-06-23/ovnis_cases_master.csv","8b97115f32bfbe48e80fd96a36d74e4e4e168226"
"https://www.fold3.com/image/9316919/1755n-5740w-san-juan-puerto-rico-blank-page-1-us-project-blue-book-ufo-investigations-1947-1969","1","OVART_REF_ + first 24 hex chars of SHA-256(exact UTF-8 source_reference)","REFERENCE_ONLY_NOT_SOURCE_IDENTITY","releases/2026-06-23/ovnis_cases_master.csv","8b97115f32bfbe48e80fd96a36d74e4e4e168226"
"https://www.fold3.com/image/9316920/1755n-5740w-san-juan-puerto-rico-blank-page-2-us-project-blue-book-ufo-investigations-1947-196","1","OVART_REF_ + first 24 hex chars of SHA-256(exact UTF-8 source_reference)","REFERENCE_ONLY_NOT_SOURCE_IDENTITY","releases/2026-06-23/ovnis_cases_master.csv","8b97115f32bfbe48e80fd96a36d74e4e4e168226"
"https://www.history.com/articles/black-triangle-ufos-facts","1","OVART_REF_ + first 24 hex chars of SHA-256(exact UTF-8 source_reference)","REFERENCE_ONLY_NOT_SOURCE_IDENTITY","releases/2026-06-23/ovnis_cases_master.csv","8b97115f32bfbe48e80fd96a36d74e4e4e168226"
"https://www.history.uscg.mil/Browse-by-Topic/Assets/Water/All/Article/2082085/spencer-1937-wpgwhec-36/#:~:text=Spencer%20was%20cruising%20in%20the,search%20was%20started%20at%20noon","1","OVART_REF_ + first 24 hex chars of SHA-256(exact UTF-8 source_reference)","REFERENCE_ONLY_NOT_SOURCE_IDENTITY","releases/2026-06-23/ovnis_cases_master.csv","8b97115f32bfbe48e80fd96a36d74e4e4e168226"
"https://www.iheart.com/podcast/1100-the-best-of-coast-to-coas-18899828/episode/unidentified-submerged-objects-best-of-268840062/#:~:text=And%20this%20matters%20because%20he,glowing%20something%20under%20the%20water","1","OVART_REF_ + first 24 hex chars of SHA-256(exact UTF-8 source_reference)","REFERENCE_ONLY_NOT_SOURCE_IDENTITY","releases/2026-06-23/ovnis_cases_master.csv","8b97115f32bfbe48e80fd96a36d74e4e4e168226"
"https://www.inexplicata.blogspot.com/2010/08/ufos‑in‑1950s‑caribbean‑crisis‑by‑scott.html","1","OVART_REF_ + first 24 hex chars of SHA-256(exact UTF-8 source_reference)","REFERENCE_ONLY_NOT_SOURCE_IDENTITY","releases/2026-06-23/ovnis_cases_master.csv","8b97115f32bfbe48e80fd96a36d74e4e4e168226"
"https://www.latest-ufo-sightings.net/2024/09/unveiling-puerto-ricos-astonishing-usos-mysteries-beneath-the-waves.html","1","OVART_REF_ + first 24 hex chars of SHA-256(exact UTF-8 source_reference)","REFERENCE_ONLY_NOT_SOURCE_IDENTITY","releases/2026-06-23/ovnis_cases_master.csv","8b97115f32bfbe48e80fd96a36d74e4e4e168226"
"https://www.latinamericanstudies.org/chupacabra/chupacabra.htm","1","OVART_REF_ + first 24 hex chars of SHA-256(exact UTF-8 source_reference)","REFERENCE_ONLY_NOT_SOURCE_IDENTITY","releases/2026-06-23/ovnis_cases_master.csv","8b97115f32bfbe48e80fd96a36d74e4e4e168226"
"https://www.natalijaugrina.com/post/ruta-extraterrestre-puerto-rico-ufo-sightings-lajas","2","OVART_REF_ + first 24 hex chars of SHA-256(exact UTF-8 source_reference)","REFERENCE_ONLY_NOT_SOURCE_IDENTITY","releases/2026-06-23/ovnis_cases_master.csv","8b97115f32bfbe48e80fd96a36d74e4e4e168226"
"https://www.navsource.org/archives/08/08553.htm","1","OVART_REF_ + first 24 hex chars of SHA-256(exact UTF-8 source_reference)","REFERENCE_ONLY_NOT_SOURCE_IDENTITY","releases/2026-06-23/ovnis_cases_master.csv","8b97115f32bfbe48e80fd96a36d74e4e4e168226"
"https://www.nicap.org/641120ussgyattdir","1","OVART_REF_ + first 24 hex chars of SHA-256(exact UTF-8 source_reference)","REFERENCE_ONLY_NOT_SOURCE_IDENTITY","releases/2026-06-23/ovnis_cases_master.csv","8b97115f32bfbe48e80fd96a36d74e4e4e168226"
"https://www.nicap.org/chronos/1992fullrep","1","OVART_REF_ + first 24 hex chars of SHA-256(exact UTF-8 source_reference)","REFERENCE_ONLY_NOT_SOURCE_IDENTITY","releases/2026-06-23/ovnis_cases_master.csv","8b97115f32bfbe48e80fd96a36d74e4e4e168226"
"https://www.nicap.org/chronos/1992fullrep.htm","1","OVART_REF_ + first 24 hex chars of SHA-256(exact UTF-8 source_reference)","REFERENCE_ONLY_NOT_SOURCE_IDENTITY","releases/2026-06-23/ovnis_cases_master.csv","8b97115f32bfbe48e80fd96a36d74e4e4e168226"
"https://www.nicap.org/reports/1965_PuertoRico_Abduction.pdf","1","OVART_REF_ + first 24 hex chars of SHA-256(exact UTF-8 source_reference)","REFERENCE_ONLY_NOT_SOURCE_IDENTITY","releases/2026-06-23/ovnis_cases_master.csv","8b97115f32bfbe48e80fd96a36d74e4e4e168226"
"https://www.nicap.org/reports/641120ussgyatt_report.htm","1","OVART_REF_ + first 24 hex chars of SHA-256(exact UTF-8 source_reference)","REFERENCE_ONLY_NOT_SOURCE_IDENTITY","releases/2026-06-23/ovnis_cases_master.csv","8b97115f32bfbe48e80fd96a36d74e4e4e168226"
"https://www.nuforc.org/webreports/045/S45678.html","1","OVART_REF_ + first 24 hex chars of SHA-256(exact UTF-8 source_reference)","REFERENCE_ONLY_NOT_SOURCE_IDENTITY","releases/2026-06-23/ovnis_cases_master.csv","8b97115f32bfbe48e80fd96a36d74e4e4e168226"
"https://www.popularmechanics.com/military/navy-ships/a33282489/uso-navy-ufo-submerged-object/","1","OVART_REF_ + first 24 hex chars of SHA-256(exact UTF-8 source_reference)","REFERENCE_ONLY_NOT_SOURCE_IDENTITY","releases/2026-06-23/ovnis_cases_master.csv","8b97115f32bfbe48e80fd96a36d74e4e4e168226"
"https://www.popularmechanics.com/military/weapons/a29417939/unidentified-submarine-objects/","2","OVART_REF_ + first 24 hex chars of SHA-256(exact UTF-8 source_reference)","REFERENCE_ONLY_NOT_SOURCE_IDENTITY","releases/2026-06-23/ovnis_cases_master.csv","8b97115f32bfbe48e80fd96a36d74e4e4e168226"
"https://www.primerahora.com/noticias/puerto-rico/notas/aaro-investiga-ovni-ponce-2024/","1","OVART_REF_ + first 24 hex chars of SHA-256(exact UTF-8 source_reference)","REFERENCE_ONLY_NOT_SOURCE_IDENTITY","releases/2026-06-23/ovnis_cases_master.csv","8b97115f32bfbe48e80fd96a36d74e4e4e168226"
"https://www.primerahora.com/noticias/puerto-rico/notas/baja-el-numero-de-casos-de-avistamientos-en-la-isla/","5","OVART_REF_ + first 24 hex chars of SHA-256(exact UTF-8 source_reference)","REFERENCE_ONLY_NOT_SOURCE_IDENTITY","releases/2026-06-23/ovnis_cases_master.csv","8b97115f32bfbe48e80fd96a36d74e4e4e168226"
"https://www.primerahora.com/noticias/puerto-rico/notas/crean-la-ruta-extraterrestre-en-lajas/","1","OVART_REF_ + first 24 hex chars of SHA-256(exact UTF-8 source_reference)","REFERENCE_ONLY_NOT_SOURCE_IDENTITY","releases/2026-06-23/ovnis_cases_master.csv","8b97115f32bfbe48e80fd96a36d74e4e4e168226"
"https://www.primerahora.com/noticias/viral/notas/extraterrestres-visitan-puerto-rico/","1","OVART_REF_ + first 24 hex chars of SHA-256(exact UTF-8 source_reference)","REFERENCE_ONLY_NOT_SOURCE_IDENTITY","releases/2026-06-23/ovnis_cases_master.csv","8b97115f32bfbe48e80fd96a36d74e4e4e168226"
"https://www.princeton.edu/~accion/chupa12.html","1","OVART_REF_ + first 24 hex chars of SHA-256(exact UTF-8 source_reference)","REFERENCE_ONLY_NOT_SOURCE_IDENTITY","releases/2026-06-23/ovnis_cases_master.csv","8b97115f32bfbe48e80fd96a36d74e4e4e168226"
"https://www.princeton.edu/~accion/chupa13","1","OVART_REF_ + first 24 hex chars of SHA-256(exact UTF-8 source_reference)","REFERENCE_ONLY_NOT_SOURCE_IDENTITY","releases/2026-06-23/ovnis_cases_master.csv","8b97115f32bfbe48e80fd96a36d74e4e4e168226"
"https://www.princeton.edu/~accion/chupa9.html","6","OVART_REF_ + first 24 hex chars of SHA-256(exact UTF-8 source_reference)","REFERENCE_ONLY_NOT_SOURCE_IDENTITY","releases/2026-06-23/ovnis_cases_master.csv","8b97115f32bfbe48e80fd96a36d74e4e4e168226"
"https://www.project1947.com/47cats/usnavydraft2","9","OVART_REF_ + first 24 hex chars of SHA-256(exact UTF-8 source_reference)","REFERENCE_ONLY_NOT_SOURCE_IDENTITY","releases/2026-06-23/ovnis_cases_master.csv","8b97115f32bfbe48e80fd96a36d74e4e4e168226"
"https://www.reddit.com/r/ufo/comments/1d6xefk/investigation_team_traveling_to_puerto_rico_to/","1","OVART_REF_ + first 24 hex chars of SHA-256(exact UTF-8 source_reference)","REFERENCE_ONLY_NOT_SOURCE_IDENTITY","releases/2026-06-23/ovnis_cases_master.csv","8b97115f32bfbe48e80fd96a36d74e4e4e168226"
"https://www.researchgate.net/profile/Mark-Carlotto/publication/228795804_Anomalous_Phenomena_in_Space_Shuttle_Mission_STS-80_Video/links/563b4d6c08ae45b5d2865635/Anomalous-Phenomena-in-Space-Shuttle-Mission-STS-80-Video.pdf?origin=publication_detail&_tp=eyJjb250ZXh0Ijp7ImZpcnN0UGFnZSI6InB1YmxpY2F0aW9uIiwicGFnZSI6InB1YmxpY2F0aW9uRG93bmxvYWQiLCJwcmV2aW91c1BhZ2UiOiJwdWJsaWNhdGlvbiJ9fQ","1","OVART_REF_ + first 24 hex chars of SHA-256(exact UTF-8 source_reference)","REFERENCE_ONLY_NOT_SOURCE_IDENTITY","releases/2026-06-23/ovnis_cases_master.csv","8b97115f32bfbe48e80fd96a36d74e4e4e168226"
"https://www.researchgate.net/publication/389673589_UAP_Indications_Analysis_1945-1975_United_States_Atomic_Warfare_Complex/fulltext/67cc032fe62c604a0dd64fac/UAP-Indications-Analysis-1945-1975-United-States-Atomic-Warfare-Complex.pdf","5","OVART_REF_ + first 24 hex chars of SHA-256(exact UTF-8 source_reference)","REFERENCE_ONLY_NOT_SOURCE_IDENTITY","releases/2026-06-23/ovnis_cases_master.csv","8b97115f32bfbe48e80fd96a36d74e4e4e168226"
"https://www.sacred-texts.com/ufo/ufoantig.htm","1","OVART_REF_ + first 24 hex chars of SHA-256(exact UTF-8 source_reference)","REFERENCE_ONLY_NOT_SOURCE_IDENTITY","releases/2026-06-23/ovnis_cases_master.csv","8b97115f32bfbe48e80fd96a36d74e4e4e168226"
"https://www.scribd.com/doc/251572168/INEXPLICATA-UFOs-in-Latin-America-and-Spain","2","OVART_REF_ + first 24 hex chars of SHA-256(exact UTF-8 source_reference)","REFERENCE_ONLY_NOT_SOURCE_IDENTITY","releases/2026-06-23/ovnis_cases_master.csv","8b97115f32bfbe48e80fd96a36d74e4e4e168226"
"https://www.scribd.com/document/75247421/What-is-Going-on-in-Puerto-Rico","11","OVART_REF_ + first 24 hex chars of SHA-256(exact UTF-8 source_reference)","REFERENCE_ONLY_NOT_SOURCE_IDENTITY","releases/2026-06-23/ovnis_cases_master.csv","8b97115f32bfbe48e80fd96a36d74e4e4e168226"
"https://www.seti.org/pr-arecibo-1971-anomaly","1","OVART_REF_ + first 24 hex chars of SHA-256(exact UTF-8 source_reference)","REFERENCE_ONLY_NOT_SOURCE_IDENTITY","releases/2026-06-23/ovnis_cases_master.csv","8b97115f32bfbe48e80fd96a36d74e4e4e168226"
"https://www.seti.org/pr-arecibo-1983-signal","1","OVART_REF_ + first 24 hex chars of SHA-256(exact UTF-8 source_reference)","REFERENCE_ONLY_NOT_SOURCE_IDENTITY","releases/2026-06-23/ovnis_cases_master.csv","8b97115f32bfbe48e80fd96a36d74e4e4e168226"
"https://www.seti.org/sites/default/files/2021-12/PR_Arecibo_1986.pdf","1","OVART_REF_ + first 24 hex chars of SHA-256(exact UTF-8 source_reference)","REFERENCE_ONLY_NOT_SOURCE_IDENTITY","releases/2026-06-23/ovnis_cases_master.csv","8b97115f32bfbe48e80fd96a36d74e4e4e168226"
"https://www.telemundopr.com/noticias/puerto-rico/hallan-muertas-a-varias-aves-en-barceloneta/1882623/","1","OVART_REF_ + first 24 hex chars of SHA-256(exact UTF-8 source_reference)","REFERENCE_ONLY_NOT_SOURCE_IDENTITY","releases/2026-06-23/ovnis_cases_master.csv","8b97115f32bfbe48e80fd96a36d74e4e4e168226"
"https://www.telemundopr.com/noticias/puerto-rico/video-captura-objeto-no-identificado-aguadilla/2632521/","1","OVART_REF_ + first 24 hex chars of SHA-256(exact UTF-8 source_reference)","REFERENCE_ONLY_NOT_SOURCE_IDENTITY","releases/2026-06-23/ovnis_cases_master.csv","8b97115f32bfbe48e80fd96a36d74e4e4e168226"
"https://www.theblackvault.com/casefiles/alien-encounter-in-aguada-puerto-rico/","2","OVART_REF_ + first 24 hex chars of SHA-256(exact UTF-8 source_reference)","REFERENCE_ONLY_NOT_SOURCE_IDENTITY","releases/2026-06-23/ovnis_cases_master.csv","8b97115f32bfbe48e80fd96a36d74e4e4e168226"
"https://www.theblackvault.com/documentarchive/ufo-aguadilla-puerto-rico-2013/","1","OVART_REF_ + first 24 hex chars of SHA-256(exact UTF-8 source_reference)","REFERENCE_ONLY_NOT_SOURCE_IDENTITY","releases/2026-06-23/ovnis_cases_master.csv","8b97115f32bfbe48e80fd96a36d74e4e4e168226"
"https://www.thecosmicswitchboard.com/2016/10/07/alien-ufo-encounters-vieques-island/","1","OVART_REF_ + first 24 hex chars of SHA-256(exact UTF-8 source_reference)","REFERENCE_ONLY_NOT_SOURCE_IDENTITY","releases/2026-06-23/ovnis_cases_master.csv","8b97115f32bfbe48e80fd96a36d74e4e4e168226"
"https://www.theufochronicles.com/2006/02/summary-of-ufo-cases-in-puerto-rico.html","8","OVART_REF_ + first 24 hex chars of SHA-256(exact UTF-8 source_reference)","REFERENCE_ONLY_NOT_SOURCE_IDENTITY","releases/2026-06-23/ovnis_cases_master.csv","8b97115f32bfbe48e80fd96a36d74e4e4e168226"
"https://www.thinkaboutitdocs.com/1967-april-ufo-alien-sightings/","1","OVART_REF_ + first 24 hex chars of SHA-256(exact UTF-8 source_reference)","REFERENCE_ONLY_NOT_SOURCE_IDENTITY","releases/2026-06-23/ovnis_cases_master.csv","8b97115f32bfbe48e80fd96a36d74e4e4e168226"
"https://www.thinkaboutitdocs.com/1977-two-ufos-enter-emerge-ocean-mayaquez-puerto-rico/","1","OVART_REF_ + first 24 hex chars of SHA-256(exact UTF-8 source_reference)","REFERENCE_ONLY_NOT_SOURCE_IDENTITY","releases/2026-06-23/ovnis_cases_master.csv","8b97115f32bfbe48e80fd96a36d74e4e4e168226"
"https://www.thinkaboutitdocs.com/1977-two-ufos-enter-emerge-ocean-mayaquez-puerto-rico/#:~:text=Source%3A%20http%3A%2F%2Fwww","1","OVART_REF_ + first 24 hex chars of SHA-256(exact UTF-8 source_reference)","REFERENCE_ONLY_NOT_SOURCE_IDENTITY","releases/2026-06-23/ovnis_cases_master.csv","8b97115f32bfbe48e80fd96a36d74e4e4e168226"
"https://www.thinkaboutitdocs.com/1979-bayamon-puerto-rico-encounter/#:~:text=Number%20of%20Witnesses%3A%202","1","OVART_REF_ + first 24 hex chars of SHA-256(exact UTF-8 source_reference)","REFERENCE_ONLY_NOT_SOURCE_IDENTITY","releases/2026-06-23/ovnis_cases_master.csv","8b97115f32bfbe48e80fd96a36d74e4e4e168226"
"https://www.thinkaboutitdocs.com/1989-el-yunque-sighting/","1","OVART_REF_ + first 24 hex chars of SHA-256(exact UTF-8 source_reference)","REFERENCE_ONLY_NOT_SOURCE_IDENTITY","releases/2026-06-23/ovnis_cases_master.csv","8b97115f32bfbe48e80fd96a36d74e4e4e168226"
"https://www.thinkaboutitdocs.com/large-object-with-lights-photographed-by-police-officer-seen-by-hundreds/","1","OVART_REF_ + first 24 hex chars of SHA-256(exact UTF-8 source_reference)","REFERENCE_ONLY_NOT_SOURCE_IDENTITY","releases/2026-06-23/ovnis_cases_master.csv","8b97115f32bfbe48e80fd96a36d74e4e4e168226"
"https://www.ufo-hunters.com/sightings/search/5195fef50ad2e4e00ea4b39a/UFO%20Sighting%20in%20Guanica,%20Puerto%20Rico%20on%20Sunday%2006%20January%202019","1","OVART_REF_ + first 24 hex chars of SHA-256(exact UTF-8 source_reference)","REFERENCE_ONLY_NOT_SOURCE_IDENTITY","releases/2026-06-23/ovnis_cases_master.csv","8b97115f32bfbe48e80fd96a36d74e4e4e168226"
"https://www.ufocasebook.com/lajaspuertorico.html","1","OVART_REF_ + first 24 hex chars of SHA-256(exact UTF-8 source_reference)","REFERENCE_ONLY_NOT_SOURCE_IDENTITY","releases/2026-06-23/ovnis_cases_master.csv","8b97115f32bfbe48e80fd96a36d74e4e4e168226"
"https://www.ufocasebook.com/puertoricanalien.html","3","OVART_REF_ + first 24 hex chars of SHA-256(exact UTF-8 source_reference)","REFERENCE_ONLY_NOT_SOURCE_IDENTITY","releases/2026-06-23/ovnis_cases_master.csv","8b97115f32bfbe48e80fd96a36d74e4e4e168226"
"https://www.ufodigest.com/article/puerto-rico-ufo-flap-part-1/","2","OVART_REF_ + first 24 hex chars of SHA-256(exact UTF-8 source_reference)","REFERENCE_ONLY_NOT_SOURCE_IDENTITY","releases/2026-06-23/ovnis_cases_master.csv","8b97115f32bfbe48e80fd96a36d74e4e4e168226"
"https://www.ufoevidence.org/cases/case1119.htm","1","OVART_REF_ + first 24 hex chars of SHA-256(exact UTF-8 source_reference)","REFERENCE_ONLY_NOT_SOURCE_IDENTITY","releases/2026-06-23/ovnis_cases_master.csv","8b97115f32bfbe48e80fd96a36d74e4e4e168226"
"https://www.ufoevidence.org/cases/case861.htm","1","OVART_REF_ + first 24 hex chars of SHA-256(exact UTF-8 source_reference)","REFERENCE_ONLY_NOT_SOURCE_IDENTITY","releases/2026-06-23/ovnis_cases_master.csv","8b97115f32bfbe48e80fd96a36d74e4e4e168226"
"https://www.ufoinfo.com/humanoid/humanoid1968.shtml","1","OVART_REF_ + first 24 hex chars of SHA-256(exact UTF-8 source_reference)","REFERENCE_ONLY_NOT_SOURCE_IDENTITY","releases/2026-06-23/ovnis_cases_master.csv","8b97115f32bfbe48e80fd96a36d74e4e4e168226"
"https://www.ufoinfo.com/humanoid/humanoid1977.shtml","1","OVART_REF_ + first 24 hex chars of SHA-256(exact UTF-8 source_reference)","REFERENCE_ONLY_NOT_SOURCE_IDENTITY","releases/2026-06-23/ovnis_cases_master.csv","8b97115f32bfbe48e80fd96a36d74e4e4e168226"
"https://www.ufostalker.com/sighting/34345","1","OVART_REF_ + first 24 hex chars of SHA-256(exact UTF-8 source_reference)","REFERENCE_ONLY_NOT_SOURCE_IDENTITY","releases/2026-06-23/ovnis_cases_master.csv","8b97115f32bfbe48e80fd96a36d74e4e4e168226"
"https://www.unexplained-mysteries.com/forum/topic/239905-the-disappearance-of-flight-n3808h/","1","OVART_REF_ + first 24 hex chars of SHA-256(exact UTF-8 source_reference)","REFERENCE_ONLY_NOT_SOURCE_IDENTITY","releases/2026-06-23/ovnis_cases_master.csv","8b97115f32bfbe48e80fd96a36d74e4e4e168226"
"https://www.uscg.mil/foia/PR_CaboRojo_1972","1","OVART_REF_ + first 24 hex chars of SHA-256(exact UTF-8 source_reference)","REFERENCE_ONLY_NOT_SOURCE_IDENTITY","releases/2026-06-23/ovnis_cases_master.csv","8b97115f32bfbe48e80fd96a36d74e4e4e168226"
"https://www.uscg.mil/foia/readingroom/logs/1988_CaboRojo_UAP.pdf","1","OVART_REF_ + first 24 hex chars of SHA-256(exact UTF-8 source_reference)","REFERENCE_ONLY_NOT_SOURCE_IDENTITY","releases/2026-06-23/ovnis_cases_master.csv","8b97115f32bfbe48e80fd96a36d74e4e4e168226"
"https://www.vidadeextraterrestres.com/2021/07/el-misterioso-encuentro-en-sierra.html","1","OVART_REF_ + first 24 hex chars of SHA-256(exact UTF-8 source_reference)","REFERENCE_ONLY_NOT_SOURCE_IDENTITY","releases/2026-06-23/ovnis_cases_master.csv","8b97115f32bfbe48e80fd96a36d74e4e4e168226"
"https://www.war.gov/medialink/ufo/release_1/65_hs1-834228961_62-hq-83894_section_7.pdf","1","OVART_REF_ + first 24 hex chars of SHA-256(exact UTF-8 source_reference)","REFERENCE_ONLY_NOT_SOURCE_IDENTITY","releases/2026-06-23/ovnis_cases_master.csv","8b97115f32bfbe48e80fd96a36d74e4e4e168226"
"https://x.com/528vibes/status/1856747636809613653","1","OVART_REF_ + first 24 hex chars of SHA-256(exact UTF-8 source_reference)","REFERENCE_ONLY_NOT_SOURCE_IDENTITY","releases/2026-06-23/ovnis_cases_master.csv","8b97115f32bfbe48e80fd96a36d74e4e4e168226"
"https://x.com/juancpedreira/status/1734320021973688744","1","OVART_REF_ + first 24 hex chars of SHA-256(exact UTF-8 source_reference)","REFERENCE_ONLY_NOT_SOURCE_IDENTITY","releases/2026-06-23/ovnis_cases_master.csv","8b97115f32bfbe48e80fd96a36d74e4e4e168226"
"https://x.com/loganpaul/status/1996725934360023496","1","OVART_REF_ + first 24 hex chars of SHA-256(exact UTF-8 source_reference)","REFERENCE_ONLY_NOT_SOURCE_IDENTITY","releases/2026-06-23/ovnis_cases_master.csv","8b97115f32bfbe48e80fd96a36d74e4e4e168226"
"https://x.com/ovnisboricuas/status/1933182697159245890?s=46&t=Pj6xdPMtucw3htgMZQnj8g","1","OVART_REF_ + first 24 hex chars of SHA-256(exact UTF-8 source_reference)","REFERENCE_ONLY_NOT_SOURCE_IDENTITY","releases/2026-06-23/ovnis_cases_master.csv","8b97115f32bfbe48e80fd96a36d74e4e4e168226"
"https://x.com/Truthpolex/status/1876747636809613653","1","OVART_REF_ + first 24 hex chars of SHA-256(exact UTF-8 source_reference)","REFERENCE_ONLY_NOT_SOURCE_IDENTITY","releases/2026-06-23/ovnis_cases_master.csv","8b97115f32bfbe48e80fd96a36d74e4e4e168226"
"https://x.com/waffohs/status/1671248250643574784?s=46&t=Pj6xdPMtucw3htgMZQnj8g","1","OVART_REF_ + first 24 hex chars of SHA-256(exact UTF-8 source_reference)","REFERENCE_ONLY_NOT_SOURCE_IDENTITY","releases/2026-06-23/ovnis_cases_master.csv","8b97115f32bfbe48e80fd96a36d74e4e4e168226"
"https://x.com/WorldNews_X_/status/1758514152286790127","1","OVART_REF_ + first 24 hex chars of SHA-256(exact UTF-8 source_reference)","REFERENCE_ONLY_NOT_SOURCE_IDENTITY","releases/2026-06-23/ovnis_cases_master.csv","8b97115f32bfbe48e80fd96a36d74e4e4e168226"
"https://youtu.be/1RrOT-nA7a8?si=QphCdUCd09VQLhpm","1","OVART_REF_ + first 24 hex chars of SHA-256(exact UTF-8 source_reference)","REFERENCE_ONLY_NOT_SOURCE_IDENTITY","releases/2026-06-23/ovnis_cases_master.csv","8b97115f32bfbe48e80fd96a36d74e4e4e168226"
"https://youtu.be/EkDBOOE2qXk?si=J7W2PzBJeIF1QPpW","1","OVART_REF_ + first 24 hex chars of SHA-256(exact UTF-8 source_reference)","REFERENCE_ONLY_NOT_SOURCE_IDENTITY","releases/2026-06-23/ovnis_cases_master.csv","8b97115f32bfbe48e80fd96a36d74e4e4e168226"
"https://youtu.be/Jg46MoNnm9I","1","OVART_REF_ + first 24 hex chars of SHA-256(exact UTF-8 source_reference)","REFERENCE_ONLY_NOT_SOURCE_IDENTITY","releases/2026-06-23/ovnis_cases_master.csv","8b97115f32bfbe48e80fd96a36d74e4e4e168226"
"Inexplicata/ARGUS-PR/José A. Martínez","1","OVART_REF_ + first 24 hex chars of SHA-256(exact UTF-8 source_reference)","REFERENCE_ONLY_NOT_SOURCE_IDENTITY","releases/2026-06-23/ovnis_cases_master.csv","8b97115f32bfbe48e80fd96a36d74e4e4e168226"
"Inexplicata/CEOVNI","6","OVART_REF_ + first 24 hex chars of SHA-256(exact UTF-8 source_reference)","REFERENCE_ONLY_NOT_SOURCE_IDENTITY","releases/2026-06-23/ovnis_cases_master.csv","8b97115f32bfbe48e80fd96a36d74e4e4e168226"
"Inexplicata/IHU","15","OVART_REF_ + first 24 hex chars of SHA-256(exact UTF-8 source_reference)","REFERENCE_ONLY_NOT_SOURCE_IDENTITY","releases/2026-06-23/ovnis_cases_master.csv","8b97115f32bfbe48e80fd96a36d74e4e4e168226"
"Inexplicata/José A. Martínez/Enfoque X","1","OVART_REF_ + first 24 hex chars of SHA-256(exact UTF-8 source_reference)","REFERENCE_ONLY_NOT_SOURCE_IDENTITY","releases/2026-06-23/ovnis_cases_master.csv","8b97115f32bfbe48e80fd96a36d74e4e4e168226"
"Inexplicata/Lucy Guzmán/Ovni.Net","17","OVART_REF_ + first 24 hex chars of SHA-256(exact UTF-8 source_reference)","REFERENCE_ONLY_NOT_SOURCE_IDENTITY","releases/2026-06-23/ovnis_cases_master.csv","8b97115f32bfbe48e80fd96a36d74e4e4e168226"
"Inexplicata/OVNI.net","8","OVART_REF_ + first 24 hex chars of SHA-256(exact UTF-8 source_reference)","REFERENCE_ONLY_NOT_SOURCE_IDENTITY","releases/2026-06-23/ovnis_cases_master.csv","8b97115f32bfbe48e80fd96a36d74e4e4e168226"
"Inexplicata/PRMUFON","2","OVART_REF_ + first 24 hex chars of SHA-256(exact UTF-8 source_reference)","REFERENCE_ONLY_NOT_SOURCE_IDENTITY","releases/2026-06-23/ovnis_cases_master.csv","8b97115f32bfbe48e80fd96a36d74e4e4e168226"
"Inexplicata/Scott Corrales","10","OVART_REF_ + first 24 hex chars of SHA-256(exact UTF-8 source_reference)","REFERENCE_ONLY_NOT_SOURCE_IDENTITY","releases/2026-06-23/ovnis_cases_master.csv","8b97115f32bfbe48e80fd96a36d74e4e4e168226"
"Inexplicata/Scott Corrales/CEOVNI","5","OVART_REF_ + first 24 hex chars of SHA-256(exact UTF-8 source_reference)","REFERENCE_ONLY_NOT_SOURCE_IDENTITY","releases/2026-06-23/ovnis_cases_master.csv","8b97115f32bfbe48e80fd96a36d74e4e4e168226"
"Inexplicata/Scott Corrales/Freixedo","1","OVART_REF_ + first 24 hex chars of SHA-256(exact UTF-8 source_reference)","REFERENCE_ONLY_NOT_SOURCE_IDENTITY","releases/2026-06-23/ovnis_cases_master.csv","8b97115f32bfbe48e80fd96a36d74e4e4e168226"
"Inexplicata/Scott Corrales/Ivan Sanderson","1","OVART_REF_ + first 24 hex chars of SHA-256(exact UTF-8 source_reference)","REFERENCE_ONLY_NOT_SOURCE_IDENTITY","releases/2026-06-23/ovnis_cases_master.csv","8b97115f32bfbe48e80fd96a36d74e4e4e168226"
"Inexplicata/Scott Corrales/Julio V. Ramírez","1","OVART_REF_ + first 24 hex chars of SHA-256(exact UTF-8 source_reference)","REFERENCE_ONLY_NOT_SOURCE_IDENTITY","releases/2026-06-23/ovnis_cases_master.csv","8b97115f32bfbe48e80fd96a36d74e4e4e168226"
"Inexplicata/Scott Corrales/Robiou Lamarche","9","OVART_REF_ + first 24 hex chars of SHA-256(exact UTF-8 source_reference)","REFERENCE_ONLY_NOT_SOURCE_IDENTITY","releases/2026-06-23/ovnis_cases_master.csv","8b97115f32bfbe48e80fd96a36d74e4e4e168226"
"Inexplicata/Scott Corrales/Robiou Lamarche/Rigau","1","OVART_REF_ + first 24 hex chars of SHA-256(exact UTF-8 source_reference)","REFERENCE_ONLY_NOT_SOURCE_IDENTITY","releases/2026-06-23/ovnis_cases_master.csv","8b97115f32bfbe48e80fd96a36d74e4e4e168226"
"Inexplicata/Scott Corrales/Willie Durand Urbina/PRRG","1","OVART_REF_ + first 24 hex chars of SHA-256(exact UTF-8 source_reference)","REFERENCE_ONLY_NOT_SOURCE_IDENTITY","releases/2026-06-23/ovnis_cases_master.csv","8b97115f32bfbe48e80fd96a36d74e4e4e168226"
"Inexplicata/Willie Durand Urbina","1","OVART_REF_ + first 24 hex chars of SHA-256(exact UTF-8 source_reference)","REFERENCE_ONLY_NOT_SOURCE_IDENTITY","releases/2026-06-23/ovnis_cases_master.csv","8b97115f32bfbe48e80fd96a36d74e4e4e168226"
"Jorge Martin/IHU","1","OVART_REF_ + first 24 hex chars of SHA-256(exact UTF-8 source_reference)","REFERENCE_ONLY_NOT_SOURCE_IDENTITY","releases/2026-06-23/ovnis_cases_master.csv","8b97115f32bfbe48e80fd96a36d74e4e4e168226"
"Jorge Martin/IRAAP","24","OVART_REF_ + first 24 hex chars of SHA-256(exact UTF-8 source_reference)","REFERENCE_ONLY_NOT_SOURCE_IDENTITY","releases/2026-06-23/ovnis_cases_master.csv","8b97115f32bfbe48e80fd96a36d74e4e4e168226"
"Nexusnewsfeed/CEOVNI (Noel Rigau)","1","OVART_REF_ + first 24 hex chars of SHA-256(exact UTF-8 source_reference)","REFERENCE_ONLY_NOT_SOURCE_IDENTITY","releases/2026-06-23/ovnis_cases_master.csv","8b97115f32bfbe48e80fd96a36d74e4e4e168226"
"NICAP","6","OVART_REF_ + first 24 hex chars of SHA-256(exact UTF-8 source_reference)","REFERENCE_ONLY_NOT_SOURCE_IDENTITY","releases/2026-06-23/ovnis_cases_master.csv","8b97115f32bfbe48e80fd96a36d74e4e4e168226"
"NICAP Blue Book","1","OVART_REF_ + first 24 hex chars of SHA-256(exact UTF-8 source_reference)","REFERENCE_ONLY_NOT_SOURCE_IDENTITY","releases/2026-06-23/ovnis_cases_master.csv","8b97115f32bfbe48e80fd96a36d74e4e4e168226"
"NUFORC/AARO","1","OVART_REF_ + first 24 hex chars of SHA-256(exact UTF-8 source_reference)","REFERENCE_ONLY_NOT_SOURCE_IDENTITY","releases/2026-06-23/ovnis_cases_master.csv","8b97115f32bfbe48e80fd96a36d74e4e4e168226"
"SCU/DHS","1","OVART_REF_ + first 24 hex chars of SHA-256(exact UTF-8 source_reference)","REFERENCE_ONLY_NOT_SOURCE_IDENTITY","releases/2026-06-23/ovnis_cases_master.csv","8b97115f32bfbe48e80fd96a36d74e4e4e168226"
"source_pending","5","OVART_REF_ + first 24 hex chars of SHA-256(exact UTF-8 source_reference)","REFERENCE_ONLY_NOT_SOURCE_IDENTITY","releases/2026-06-23/ovnis_cases_master.csv","8b97115f32bfbe48e80fd96a36d74e4e4e168226"
"ThinkAboutItDocs","7","OVART_REF_ + first 24 hex chars of SHA-256(exact UTF-8 source_reference)","REFERENCE_ONLY_NOT_SOURCE_IDENTITY","releases/2026-06-23/ovnis_cases_master.csv","8b97115f32bfbe48e80fd96a36d74e4e4e168226"
"ThinkAboutItDocs/Robiou Lamarche","8","OVART_REF_ + first 24 hex chars of SHA-256(exact UTF-8 source_reference)","REFERENCE_ONLY_NOT_SOURCE_IDENTITY","releases/2026-06-23/ovnis_cases_master.csv","8b97115f32bfbe48e80fd96a36d74e4e4e168226"
"UFO Casebook","1","OVART_REF_ + first 24 hex chars of SHA-256(exact UTF-8 source_reference)","REFERENCE_ONLY_NOT_SOURCE_IDENTITY","releases/2026-06-23/ovnis_cases_master.csv","8b97115f32bfbe48e80fd96a36d74e4e4e168226"
"UFO Casebook/Jorge Martin","1","OVART_REF_ + first 24 hex chars of SHA-256(exact UTF-8 source_reference)","REFERENCE_ONLY_NOT_SOURCE_IDENTITY","releases/2026-06-23/ovnis_cases_master.csv","8b97115f32bfbe48e80fd96a36d74e4e4e168226"
"URECAT/Patrick Gross","1","OVART_REF_ + first 24 hex chars of SHA-256(exact UTF-8 source_reference)","REFERENCE_ONLY_NOT_SOURCE_IDENTITY","releases/2026-06-23/ovnis_cases_master.csv","8b97115f32bfbe48e80fd96a36d74e4e4e168226"
"Weinstein/Project 1947","1","OVART_REF_ + first 24 hex chars of SHA-256(exact UTF-8 source_reference)","REFERENCE_ONLY_NOT_SOURCE_IDENTITY","releases/2026-06-23/ovnis_cases_master.csv","8b97115f32bfbe48e80fd96a36d74e4e4e168226"
