artifact_id,source_reference_sha256,source_reference,case_count,case_ids,observed_source_families,adjudication_state,candidate_source_ids,reference_role,adjudication_reason,automatic_identity_write_allowed,terminal_non_binding,adjudication_schema
"OVART_REF_a9860964397946f60922b59c","a9860964397946f60922b59c5b3136f29bd1592454f9e3ec0280e697407af72c","avherald.com","1","PRUAP-0425","FAA; PR Police/FURA","DISCOVERY_ONLY","","EXTERNAL_BARE_DOMAIN_REFERENCE","EXACT_BARE_DOMAIN_PRESERVED_IDENTITY_NOT_YET_ADJUDICATED","false","false","ovnis.source-reference-adjudication/v1"
"OVART_REF_f70f858f1db22bf5e94607b9","f70f858f1db22bf5e94607b97e7699aa560480e9b1381bfb70e3532d10f371c9","Chat-internal reference (Phase A live log)","6","PRUAP-0050;PRUAP-0088;PRUAP-0089;PRUAP-0091;PRUAP-0169;PRUAP-0172","none","UNRESOLVED","","INTERNAL_OR_PENDING_REFERENCE","NO_EXTERNAL_SOURCE_IDENTITY_MANIFESTATION","false","false","ovnis.source-reference-adjudication/v1"
"OVART_REF_e27626ac82957d66d25e7cc3","e27626ac82957d66d25e7cc347cdb8e00a85acfd4a39c3c33c5048b11a415f2f","Chat-internal reference (Stage B live log)","7","PRUAP-0306;PRUAP-0311;PRUAP-0317;PRUAP-0324;PRUAP-0402;PRUAP-0415;PRUAP-0431","none","UNRESOLVED","","INTERNAL_OR_PENDING_REFERENCE","NO_EXTERNAL_SOURCE_IDENTITY_MANIFESTATION","false","false","ovnis.source-reference-adjudication/v1"
"OVART_REF_d2ef1dcaeebc292b4d58aa94","d2ef1dcaeebc292b4d58aa948c9b4b15b4f68b613dbf57f020b51e36e6a5c99b","Flying Saucer Review V42N4 (1997)","1","PRUAP-0161","none","DISCOVERY_ONLY","SRC-CAND-0017","HISTORICAL_PUBLICATION","PUBLICATION_IDENTITY_VERIFIED_MANIFESTATION_REQUIRES_ARCHIVAL_ISSUE_BINDING","false","false","ovnis.source-reference-adjudication/v1"
"OVART_REF_6fe0407e3481430e3fede1d3","6fe0407e3481430e3fede1d3c8d8d808812d281b59e46c607c64122d8fa74aca","http://inexplicata.blogspot.com/2007/08/puerto-rico-ufo-sighting-over-guanica.html","1","PRUAP-0375","none","DISCOVERY_ONLY","SRC-0012","VERIFIED_SOURCE_OR_CANDIDATE_LOCATOR","SOURCE_ENTITY_VERIFIED_BUT_NO_REVIEWED_ARTIFACT_BINDING_RECEIPT","false","false","ovnis.source-reference-adjudication/v1"
"OVART_REF_9923c220529dd256707e7f6e","9923c220529dd256707e7f6ef9f62649fc967407ae9d78ef4ea5d276b21a32b1","http://inexplicata.blogspot.com/2008/01/puerto-rico-giant-ufo-over-guanica.html","1","PRUAP-0388","none","DISCOVERY_ONLY","SRC-0012","VERIFIED_SOURCE_OR_CANDIDATE_LOCATOR","SOURCE_ENTITY_VERIFIED_BUT_NO_REVIEWED_ARTIFACT_BINDING_RECEIPT","false","false","ovnis.source-reference-adjudication/v1"
"OVART_REF_6397c92aae8066f82aeacf2f","6397c92aae8066f82aeacf2f9313969777db56133aa6a8201ec5188401107b16","http://inexplicata.blogspot.com/2008/01/puerto-rico-ufos-over-quebradilla.html","6","PRUAP-0378;PRUAP-0382;PRUAP-0383;PRUAP-0384;PRUAP-0385;PRUAP-0386","PR Police/FURA;none","DISCOVERY_ONLY","SRC-0012","VERIFIED_SOURCE_OR_CANDIDATE_LOCATOR","SOURCE_ENTITY_VERIFIED_BUT_NO_REVIEWED_ARTIFACT_BINDING_RECEIPT","false","false","ovnis.source-reference-adjudication/v1"
"OVART_REF_a974dd3033c245a8016fe3e9","a974dd3033c245a8016fe3e9eceddca251961383b6d03bcfa5cd6764049a9563","http://inexplicata.blogspot.com/2009/04/puerto-rico-another-guanica-sighting.html","1","PRUAP-0397","PR Police/FURA","DISCOVERY_ONLY","SRC-0012","VERIFIED_SOURCE_OR_CANDIDATE_LOCATOR","SOURCE_ENTITY_VERIFIED_BUT_NO_REVIEWED_ARTIFACT_BINDING_RECEIPT","false","false","ovnis.source-reference-adjudication/v1"
"OVART_REF_f9d2d1108b1a44e6f235f303","f9d2d1108b1a44e6f235f30364f73b0fe3da1050682252e98f80a8f012a44421","http://inexplicata.blogspot.com/2011/01/puerto-rico-ufos-over-cabo-rojo-and.html","1","PRUAP-0407","none","DISCOVERY_ONLY","SRC-0012","VERIFIED_SOURCE_OR_CANDIDATE_LOCATOR","SOURCE_ENTITY_VERIFIED_BUT_NO_REVIEWED_ARTIFACT_BINDING_RECEIPT","false","false","ovnis.source-reference-adjudication/v1"
"OVART_REF_c9620287da45e5d705838e9a","c9620287da45e5d705838e9a2ed0713c87713751bbcb27a58d7bb129845a796a","http://inexplicata.blogspot.com/2011/02/puerto-rico-ufo-over-mayaguez.html","1","PRUAP-0405","none","DISCOVERY_ONLY","SRC-0012","VERIFIED_SOURCE_OR_CANDIDATE_LOCATOR","SOURCE_ENTITY_VERIFIED_BUT_NO_REVIEWED_ARTIFACT_BINDING_RECEIPT","false","false","ovnis.source-reference-adjudication/v1"
"OVART_REF_de87ad1799bf44cca9eeb863","de87ad1799bf44cca9eeb86338a9bfb9949a09cd968bf7946577f404a0898b3b","http://inexplicata.blogspot.com/2013/02/beast-on-move-chupacabras-returns.html","3","PRUAP-0413;PRUAP-0414;PRUAP-0416","PR Police/FURA;none","DISCOVERY_ONLY","SRC-0012","VERIFIED_SOURCE_OR_CANDIDATE_LOCATOR","SOURCE_ENTITY_VERIFIED_BUT_NO_REVIEWED_ARTIFACT_BINDING_RECEIPT","false","false","ovnis.source-reference-adjudication/v1"
"OVART_REF_44b16040c814aead1d71bbb7","44b16040c814aead1d71bbb7520c21a7b6f4892c4fffb984638fb8809e1e75e8","http://inexplicata.blogspot.com/2013/02/puerto-rico-guayama-animal-slaughter.html","1","PRUAP-0417","PR Police/FURA","DISCOVERY_ONLY","SRC-0012","VERIFIED_SOURCE_OR_CANDIDATE_LOCATOR","SOURCE_ENTITY_VERIFIED_BUT_NO_REVIEWED_ARTIFACT_BINDING_RECEIPT","false","false","ovnis.source-reference-adjudication/v1"
"OVART_REF_d054a484321062010325ebd1","d054a484321062010325ebd1abfd589bfffe9a793c096180f04b942b84fd7999","http://inexplicata.blogspot.com/2014/02/chance-encounters-more-humanoids-among","1","PRUAP-0150","none","DISCOVERY_ONLY","SRC-0012","VERIFIED_SOURCE_OR_CANDIDATE_LOCATOR","SOURCE_ENTITY_VERIFIED_BUT_NO_REVIEWED_ARTIFACT_BINDING_RECEIPT","false","false","ovnis.source-reference-adjudication/v1"
"OVART_REF_ba60e9a7ada616185e6eddbf","ba60e9a7ada616185e6eddbf122fbe009887b4068d0bf8c06ce30d17f457760e","http://inexplicata.blogspot.com/2015/08/puerto-rico-adjuntas-mystery-lost-in.html","4","PRUAP-0107;PRUAP-0108;PRUAP-0110;PRUAP-0225","none","DISCOVERY_ONLY","SRC-0012","VERIFIED_SOURCE_OR_CANDIDATE_LOCATOR","SOURCE_ENTITY_VERIFIED_BUT_NO_REVIEWED_ARTIFACT_BINDING_RECEIPT","false","false","ovnis.source-reference-adjudication/v1"
"OVART_REF_99a857beb3206f1beb6d74d1","99a857beb3206f1beb6d74d1b7773d1c7ab9bf7e9712b19264fbc43fde09bcf1","http://inexplicata.blogspot.com/2017/01/puerto-rico-strange-creature.html","1","PRUAP-0437","none","DISCOVERY_ONLY","SRC-0012","VERIFIED_SOURCE_OR_CANDIDATE_LOCATOR","SOURCE_ENTITY_VERIFIED_BUT_NO_REVIEWED_ARTIFACT_BINDING_RECEIPT","false","false","ovnis.source-reference-adjudication/v1"
"OVART_REF_366868f64872972dbf280e92","366868f64872972dbf280e9295c415e3dfc39e080047b435bfcc2ec7829f8d11","http://inexplicata.blogspot.com/2023/01/puerto-rico-saucers-in-70s.html","3","PRUAP-0098;PRUAP-0120;PRUAP-0128","PR Police/FURA;none","DISCOVERY_ONLY","SRC-0012","VERIFIED_SOURCE_OR_CANDIDATE_LOCATOR","SOURCE_ENTITY_VERIFIED_BUT_NO_REVIEWED_ARTIFACT_BINDING_RECEIPT","false","false","ovnis.source-reference-adjudication/v1"
"OVART_REF_0b7857d12ca52f8488069fa1","0b7857d12ca52f8488069fa1c06268d31056966c0e9f0b2361131cad675527bb","http://inexplicata.blogspot.com/2023/01/puerto-rico-shaky-alien-in-my-backyard.html","1","PRUAP-0302","none","DISCOVERY_ONLY","SRC-0012","VERIFIED_SOURCE_OR_CANDIDATE_LOCATOR","SOURCE_ENTITY_VERIFIED_BUT_NO_REVIEWED_ARTIFACT_BINDING_RECEIPT","false","false","ovnis.source-reference-adjudication/v1"
"OVART_REF_6009e5dc07d330d675fb562f","6009e5dc07d330d675fb562fd224b20c0d23fbf9dedb90311c3f03a8d0807c05","http://richardsportal.tripod.com/policeufo/LatinAmerica.html","1","PRUAP-0082","PR Police/FURA","DISCOVERY_ONLY","","EXTERNAL_EXACT_LOCATOR_UNREGISTERED","EXACT_EXTERNAL_REFERENCE_PRESERVED_SOURCE_IDENTITY_NOT_YET_ADJUDICATED","false","false","ovnis.source-reference-adjudication/v1"
"OVART_REF_7e62d42f05b89910f510b6ac","7e62d42f05b89910f510b6ac3818eab3421d881afecc8cc93b05e14931a3d388","http://www.nicap.org/521231puertorico_dir.htm","1","PRUAP-0032","USAF","DISCOVERY_ONLY","SRC-0011","VERIFIED_SOURCE_OR_CANDIDATE_LOCATOR","SOURCE_ENTITY_VERIFIED_BUT_NO_REVIEWED_ARTIFACT_BINDING_RECEIPT","false","false","ovnis.source-reference-adjudication/v1"
"OVART_REF_11677c7328e5357dd2b2ebce","11677c7328e5357dd2b2ebce90124426f66b29d17b8c392abba75ec7de389ab6","http://www.nicap.org/chronos/1952FIXED.htm","1","PRUAP-0023","none","DISCOVERY_ONLY","SRC-0011","VERIFIED_SOURCE_OR_CANDIDATE_LOCATOR","SOURCE_ENTITY_VERIFIED_BUT_NO_REVIEWED_ARTIFACT_BINDING_RECEIPT","false","false","ovnis.source-reference-adjudication/v1"
"OVART_REF_04d19b19f55f99e4b5040934","04d19b19f55f99e4b50409344915c5c10ff97f81a89f19d87095ab5f2e492098","http://www.nicap.org/puerto520514dir.htm","1","PRUAP-0019","USAF","DISCOVERY_ONLY","SRC-0011","VERIFIED_SOURCE_OR_CANDIDATE_LOCATOR","SOURCE_ENTITY_VERIFIED_BUT_NO_REVIEWED_ARTIFACT_BINDING_RECEIPT","false","false","ovnis.source-reference-adjudication/v1"
"OVART_REF_f56e3c7df6aa3dca87b8a84e","f56e3c7df6aa3dca87b8a84e20df6410c979537e46fccbf1619e7033574b2093","http://www.ovni.net/actualidad/10-02-06.html","1","PRUAP-0349","none","DISCOVERY_ONLY","SRC-CAND-0004","HISTORICAL_ARCHIVE_LOCATOR","LEGACY_OVNI_NET_IDENTITY_VERIFIED_CURRENT_CANONICAL_AVAILABILITY_UNRESOLVED","false","false","ovnis.source-reference-adjudication/v1"
"OVART_REF_e45cdca6ca9873d3e99e3b78","e45cdca6ca9873d3e99e3b78c23e1408d81829a8ceace6945e12bfaa04cf0c7c","http://www.youtube.com/watch?v=sdbnde0mseQ","1","PRUAP-0305","none","NON_BINDING_TERMINAL","","PLATFORM_OR_CUSTODIAL_CARRIER","EXACT_REFERENCE_IDENTIFIES_CARRIER_PLATFORM_NOT_RECORD_PRODUCER","false","true","ovnis.source-reference-adjudication/v1"
"OVART_REF_0c09cff0b1087ca1aef925e0","0c09cff0b1087ca1aef925e0a50943c776c4161f284fb8a0258120f927942187","https://abcnews.go.com/International/story?id=81911&page=1","1","PRUAP-0254","none","DISCOVERY_ONLY","","EXTERNAL_EXACT_LOCATOR_UNREGISTERED","EXACT_EXTERNAL_REFERENCE_PRESERVED_SOURCE_IDENTITY_NOT_YET_ADJUDICATED","false","false","ovnis.source-reference-adjudication/v1"
"OVART_REF_f2170c7b1d3249a0d4930a6d","f2170c7b1d3249a0d4930a6d04790d135f6ea5da83d1f9dd252ace9688e1c1fd","https://archive.dartmouthalumnimagazine.com/article/1954/2/1/ships-and-sugar-an-evaluation-of-puerto-rican-offshore-shipping","1","PRUAP-0001","none","DISCOVERY_ONLY","","EXTERNAL_EXACT_LOCATOR_UNREGISTERED","EXACT_EXTERNAL_REFERENCE_PRESERVED_SOURCE_IDENTITY_NOT_YET_ADJUDICATED","false","false","ovnis.source-reference-adjudication/v1"
"OVART_REF_9f63aee7ac18b4ba19d825b4","9f63aee7ac18b4ba19d825b4323d1882fbdfb9890e7671c2e7232432b279b8dd","https://archive.org/details/1952-07-7479269-ILLEGIBLE-ILLEGIBLE-/page/n90/mode/1up?q=puerto+rico","1","PRUAP-0007","none","NON_BINDING_TERMINAL","","PLATFORM_OR_CUSTODIAL_CARRIER","EXACT_REFERENCE_IDENTIFIES_CARRIER_PLATFORM_NOT_RECORD_PRODUCER","false","true","ovnis.source-reference-adjudication/v1"
"OVART_REF_f0fcb3f10f589ec914433a51","f0fcb3f10f589ec914433a51a8095a2f71238609e4ab5ca3175a9025466c3943","https://archive.org/details/Cabo_Rojo_Lagoon_UAP_Sighting_2010_Report","1","PRUAP-0404","none","NON_BINDING_TERMINAL","","PLATFORM_OR_CUSTODIAL_CARRIER","EXACT_REFERENCE_IDENTIFIES_CARRIER_PLATFORM_NOT_RECORD_PRODUCER","false","true","ovnis.source-reference-adjudication/v1"
"OVART_REF_554d554738e556cc995a4fde","554d554738e556cc995a4fde86dea093469607fc7aa84942316cc8299dd62d4d","https://archive.org/details/GeoExtract_Bot_Record_PR_B4_1999","1","PRUAP-0294","none","NON_BINDING_TERMINAL","","PLATFORM_OR_CUSTODIAL_CARRIER","EXACT_REFERENCE_IDENTIFIES_CARRIER_PLATFORM_NOT_RECORD_PRODUCER","false","true","ovnis.source-reference-adjudication/v1"
"OVART_REF_0466453bad6ae8db7c851b67","0466453bad6ae8db7c851b67bb4fbd8267f5701ea4f052b2174658d68dde587e","https://archive.org/details/Sonar_Break_Isabela_July_2021_Log","1","PRUAP-0446","none","NON_BINDING_TERMINAL","","PLATFORM_OR_CUSTODIAL_CARRIER","EXACT_REFERENCE_IDENTIFIES_CARRIER_PLATFORM_NOT_RECORD_PRODUCER","false","true","ovnis.source-reference-adjudication/v1"
"OVART_REF_6f31de12846e38abb52800a4","6f31de12846e38abb52800a4797429084204a21b39dd5c3ed664e9f3f94c1ee6","https://archive.org/details/UFO_Cattle_Avoidance_Lajas2001","1","PRUAP-0303","none","NON_BINDING_TERMINAL","","PLATFORM_OR_CUSTODIAL_CARRIER","EXACT_REFERENCE_IDENTIFIES_CARRIER_PLATFORM_NOT_RECORD_PRODUCER","false","true","ovnis.source-reference-adjudication/v1"
"OVART_REF_5c9e0b403732a641cf6b8016","5c9e0b403732a641cf6b8016302201b3239428b101975c15038265a6e5ea18e5","https://archive.org/stream/BernardSieglerTechnicsAndTime1TheFaultOfEpimetheus/Brad%20Sparks%20-%20Comprehensive%20Catalog%20of%201%2C600%20Project%20Blue%20Book%20UFO%20Unknowns_djvu.txt#:~:text=April%2016%2C%201967,%28Sparks%3B%20Tonv%20Rullan","1","PRUAP-0078","USAF","NON_BINDING_TERMINAL","","PLATFORM_OR_CUSTODIAL_CARRIER","EXACT_REFERENCE_IDENTIFIES_CARRIER_PLATFORM_NOT_RECORD_PRODUCER","false","true","ovnis.source-reference-adjudication/v1"
"OVART_REF_26488dee61a111e72024af8d","26488dee61a111e72024af8d8d0cf6aa82196ed12fdb36b85b2b007a995ce84a","https://assets.publishing.service.gov.uk/media/5d2dc667e5274a14e426cff3/20171221_Collections_level_catalogue_by_Welsh_and_Webb.pdf","1","PRUAP-0005","none","DISCOVERY_ONLY","","EXTERNAL_EXACT_LOCATOR_UNREGISTERED","EXACT_EXTERNAL_REFERENCE_PRESERVED_SOURCE_IDENTITY_NOT_YET_ADJUDICATED","false","false","ovnis.source-reference-adjudication/v1"
"OVART_REF_c123384619556e909feeb80a","c123384619556e909feeb80aff2f35737fefc4f848788a28f987adba03da508f","https://books.google.com/books?id=fv1tDwAAQBAJ","1","PRUAP-0214","none","NON_BINDING_TERMINAL","","PLATFORM_OR_CUSTODIAL_CARRIER","EXACT_REFERENCE_IDENTIFIES_CARRIER_PLATFORM_NOT_RECORD_PRODUCER","false","true","ovnis.source-reference-adjudication/v1"
"OVART_REF_bf4f2abc6f034b1c77c6a8f9","bf4f2abc6f034b1c77c6a8f923e064bf30b39656420d77e3e67fc8b9f2419657","https://books.google.com/books/about/Log_of_Diving_During_Rescue_and_Salvage.html?id=gGwZAQAAIAAJ","1","PRUAP-0004","none","NON_BINDING_TERMINAL","","PLATFORM_OR_CUSTODIAL_CARRIER","EXACT_REFERENCE_IDENTIFIES_CARRIER_PLATFORM_NOT_RECORD_PRODUCER","false","true","ovnis.source-reference-adjudication/v1"
"OVART_REF_5563cdde69d1c2a59d4f4641","5563cdde69d1c2a59d4f4641a3403fa2333ae0212f1cafe4b680424e879cbf44","https://catalog.archives.gov/id/28996123","1","PRUAP-0056","USAF","DISCOVERY_ONLY","SRC-CAND-0010","VERIFIED_SOURCE_OR_CANDIDATE_LOCATOR","SOURCE_ENTITY_VERIFIED_BUT_NO_REVIEWED_ARTIFACT_BINDING_RECEIPT","false","false","ovnis.source-reference-adjudication/v1"
"OVART_REF_6b474079018d2ac7633de2f6","6b474079018d2ac7633de2f66101dd2327ceed317ccb750bb3b1340c599332bf","https://catalog.archives.gov/id/499915869","1","PRUAP-0449","none","DISCOVERY_ONLY","SRC-CAND-0010","VERIFIED_SOURCE_OR_CANDIDATE_LOCATOR","SOURCE_ENTITY_VERIFIED_BUT_NO_REVIEWED_ARTIFACT_BINDING_RECEIPT","false","false","ovnis.source-reference-adjudication/v1"
"OVART_REF_5e59f6831b38042f3c617928","5e59f6831b38042f3c617928ab101f5431fd5bfbbbf5799adba6b99436f55ab8","https://catalog.archives.gov/id/8701081","1","PRUAP-0057","USAF","DISCOVERY_ONLY","SRC-CAND-0010","VERIFIED_SOURCE_OR_CANDIDATE_LOCATOR","SOURCE_ENTITY_VERIFIED_BUT_NO_REVIEWED_ARTIFACT_BINDING_RECEIPT","false","false","ovnis.source-reference-adjudication/v1"
"OVART_REF_fd5bdd2091b59276ee451812","fd5bdd2091b59276ee451812161872b6819f40cc3e2cb11487869306fe740018","https://clipper-connection.blogspot.com/2015/06/accidentes-octubre-de-1929-agosto-de.html?m=1","1","PRUAP-0003","none","DISCOVERY_ONLY","","EXTERNAL_EXACT_LOCATOR_UNREGISTERED","EXACT_EXTERNAL_REFERENCE_PRESERVED_SOURCE_IDENTITY_NOT_YET_ADJUDICATED","false","false","ovnis.source-reference-adjudication/v1"
"OVART_REF_4c3ebe43023275cd1fe1ae5a","4c3ebe43023275cd1fe1ae5aa7170aa020e9858dc704f5b8eb3042d8e9573fa4","https://commons.wikimedia.org/wiki/File:Project_Blue_Book_report_-_1960-09-8228136-RameyAFB-PuertoRico.pdf","1","PRUAP-0053","USAF","NON_BINDING_TERMINAL","","PLATFORM_OR_CUSTODIAL_CARRIER","EXACT_REFERENCE_IDENTIFIES_CARRIER_PLATFORM_NOT_RECORD_PRODUCER","false","true","ovnis.source-reference-adjudication/v1"
"OVART_REF_e443eddb70404713c655c4b7","e443eddb70404713c655c4b77fe10faafa9de105a14cddd98857a338c63dda32","https://commons.wikimedia.org/wiki/File:Project_Blue_Book_report_-_1961-02-8637640-SanJuan-PuertoRico.pdf","1","PRUAP-0055","USAF","NON_BINDING_TERMINAL","","PLATFORM_OR_CUSTODIAL_CARRIER","EXACT_REFERENCE_IDENTIFIES_CARRIER_PLATFORM_NOT_RECORD_PRODUCER","false","true","ovnis.source-reference-adjudication/v1"
"OVART_REF_bb8571e56445377b6089a20d","bb8571e56445377b6089a20d7cb597e62b501eadb4cdf38dacb6aa5843dfa393","https://dn721808.ca.archive.org/0/items/jhs2-2/jhs2-2.pdf","4","PRUAP-0170;PRUAP-0205;PRUAP-0212;PRUAP-0215","none","NON_BINDING_TERMINAL","","PLATFORM_OR_CUSTODIAL_CARRIER","EXACT_REFERENCE_IDENTIFIES_CARRIER_PLATFORM_NOT_RECORD_PRODUCER","false","true","ovnis.source-reference-adjudication/v1"
"OVART_REF_7fef5db7b687b3635ed5db82","7fef5db7b687b3635ed5db828f8866308f17d46c42967e7f4815f6d58516cd53","https://doi.org/10.5281/zenodo.14647871","1","PRUAP-0014","U.S. Navy","DISCOVERY_ONLY","","EXTERNAL_EXACT_LOCATOR_UNREGISTERED","EXACT_EXTERNAL_REFERENCE_PRESERVED_SOURCE_IDENTITY_NOT_YET_ADJUDICATED","false","false","ovnis.source-reference-adjudication/v1"
"OVART_REF_c4debc647f0c21f364ce2e00","c4debc647f0c21f364ce2e000573a7a8c5c2bfa666ebd11a84c67cfa12819607","https://en.wikipedia.org/wiki/Caribair_(Puerto_Rico)","1","PRUAP-0090","FAA","NON_BINDING_TERMINAL","","PLATFORM_OR_CUSTODIAL_CARRIER","EXACT_REFERENCE_IDENTIFIES_CARRIER_PLATFORM_NOT_RECORD_PRODUCER","false","true","ovnis.source-reference-adjudication/v1"
"OVART_REF_56ceff7918ab6d82e897c1ed","56ceff7918ab6d82e897c1ed7fad7ad87555472680469139da2e7f83cf794393","https://es.scribd.com/document/232770188/M-a-O-1987-1997-Decenio-Increible-de-Puerto-Ricohttp","7","PRUAP-0191;PRUAP-0206;PRUAP-0240;PRUAP-0246;PRUAP-0249;PRUAP-0250;PRUAP-0273","PR Police/FURA;none","NON_BINDING_TERMINAL","","PLATFORM_OR_CUSTODIAL_CARRIER","EXACT_REFERENCE_IDENTIFIES_CARRIER_PLATFORM_NOT_RECORD_PRODUCER","false","true","ovnis.source-reference-adjudication/v1"
"OVART_REF_8496bceb97d4a918dc9979ed","8496bceb97d4a918dc9979edf1978342f0663bd0978edb2890aadeaf0e7c475c","https://inexplicata.blogspot.com/2006/02/puerto-rico-summary-of-ufo-cases.html?m=1","1","PRUAP-0031","none","DISCOVERY_ONLY","SRC-0012","VERIFIED_SOURCE_OR_CANDIDATE_LOCATOR","SOURCE_ENTITY_VERIFIED_BUT_NO_REVIEWED_ARTIFACT_BINDING_RECEIPT","false","false","ovnis.source-reference-adjudication/v1"
"OVART_REF_f1388940bd0d8005b50b73f0","f1388940bd0d8005b50b73f048c248f58e0a20fdbe4f4cdb2cc8877b9d420366","https://inexplicata.blogspot.com/2006/03/ufo-history-1974-santurce-pr-film.html","1","PRUAP-0121","none","DISCOVERY_ONLY","SRC-0012","VERIFIED_SOURCE_OR_CANDIDATE_LOCATOR","SOURCE_ENTITY_VERIFIED_BUT_NO_REVIEWED_ARTIFACT_BINDING_RECEIPT","false","false","ovnis.source-reference-adjudication/v1"
"OVART_REF_f1bb5c1a4c42c0aaefb54dcb","f1bb5c1a4c42c0aaefb54dcbccea0debf1dab47bed1f1c1cda38547c5c6881f4","https://inexplicata.blogspot.com/2006/04/puerto-rico-animal-mutilation-in-san.html","1","PRUAP-0347","none","DISCOVERY_ONLY","SRC-0012","VERIFIED_SOURCE_OR_CANDIDATE_LOCATOR","SOURCE_ENTITY_VERIFIED_BUT_NO_REVIEWED_ARTIFACT_BINDING_RECEIPT","false","false","ovnis.source-reference-adjudication/v1"
"OVART_REF_1eab78ef8cbb16141e19b60d","1eab78ef8cbb16141e19b60d284f1ceebfe3ae53b662fbbd8d9136f0e6a8567e","https://inexplicata.blogspot.com/2006/09/puerto-rico-ufos-reported-in-northern.html","1","PRUAP-0348","none","DISCOVERY_ONLY","SRC-0012","VERIFIED_SOURCE_OR_CANDIDATE_LOCATOR","SOURCE_ENTITY_VERIFIED_BUT_NO_REVIEWED_ARTIFACT_BINDING_RECEIPT","false","false","ovnis.source-reference-adjudication/v1"
"OVART_REF_848b19c53e9f57392d99d11c","848b19c53e9f57392d99d11ce126a1d151c45114173103917ccbf43df58d75a3","https://inexplicata.blogspot.com/2007/02/puerto-rico-summary-of-ufo-cases.html","7","PRUAP-0350;PRUAP-0353;PRUAP-0357;PRUAP-0359;PRUAP-0362;PRUAP-0371;PRUAP-0372","none","DISCOVERY_ONLY","SRC-0012","VERIFIED_SOURCE_OR_CANDIDATE_LOCATOR","SOURCE_ENTITY_VERIFIED_BUT_NO_REVIEWED_ARTIFACT_BINDING_RECEIPT","false","false","ovnis.source-reference-adjudication/v1"
"OVART_REF_d44457e480b9ff24c06131d1","d44457e480b9ff24c06131d19509db481bce569108f75b9feb91ca03056b31d2","https://inexplicata.blogspot.com/2007/04/puerto-rico-airport-employee-sees-ufo.html?m=1","1","PRUAP-0373","U.S. Navy","DISCOVERY_ONLY","SRC-0012","VERIFIED_SOURCE_OR_CANDIDATE_LOCATOR","SOURCE_ENTITY_VERIFIED_BUT_NO_REVIEWED_ARTIFACT_BINDING_RECEIPT","false","false","ovnis.source-reference-adjudication/v1"
"OVART_REF_f014aacd3df725418d7d975d","f014aacd3df725418d7d975dc699d6c1efe79a2b5dc18a5331c661e721c6d8bd","https://inexplicata.blogspot.com/2008/01/fireballs-over-puerto-rico-ufos-or.html","2","PRUAP-0281;PRUAP-0283","NASA;none","DISCOVERY_ONLY","SRC-0012","VERIFIED_SOURCE_OR_CANDIDATE_LOCATOR","SOURCE_ENTITY_VERIFIED_BUT_NO_REVIEWED_ARTIFACT_BINDING_RECEIPT","false","false","ovnis.source-reference-adjudication/v1"
"OVART_REF_423817a449141e7a0ce0252b","423817a449141e7a0ce0252b4257be0900941e8d0482d494bb843ab8acab91e4","https://inexplicata.blogspot.com/2008/01/puerto-rico-strange-lights-in-late-2007.html","1","PRUAP-0379","none","DISCOVERY_ONLY","SRC-0012","VERIFIED_SOURCE_OR_CANDIDATE_LOCATOR","SOURCE_ENTITY_VERIFIED_BUT_NO_REVIEWED_ARTIFACT_BINDING_RECEIPT","false","false","ovnis.source-reference-adjudication/v1"
"OVART_REF_33dfa3ebf3b0817c1bc8d118","33dfa3ebf3b0817c1bc8d118763f382caee7fab97fa0705306354c842d3d8fa7","https://inexplicata.blogspot.com/2008/01/puerto-rico-ufo-over-lares.html","1","PRUAP-0387","none","DISCOVERY_ONLY","SRC-0012","VERIFIED_SOURCE_OR_CANDIDATE_LOCATOR","SOURCE_ENTITY_VERIFIED_BUT_NO_REVIEWED_ARTIFACT_BINDING_RECEIPT","false","false","ovnis.source-reference-adjudication/v1"
"OVART_REF_11f4c99b0ce22cb5bdbc4a78","11f4c99b0ce22cb5bdbc4a788a6b011d7d847d78296f01a854bb8a51f2811ec9","https://inexplicata.blogspot.com/2008/05/puerto-rico-couple-photographs-ufo-over.html?m=1","1","PRUAP-0391","none","DISCOVERY_ONLY","SRC-0012","VERIFIED_SOURCE_OR_CANDIDATE_LOCATOR","SOURCE_ENTITY_VERIFIED_BUT_NO_REVIEWED_ARTIFACT_BINDING_RECEIPT","false","false","ovnis.source-reference-adjudication/v1"
"OVART_REF_2c06a73698a8d8537e78d37b","2c06a73698a8d8537e78d37bd812d556667bf3c211be7e4b6f726851dda4f53b","https://inexplicata.blogspot.com/2009/01/puerto-rico-strange-lights-reported-in.html","2","PRUAP-0394;PRUAP-0395","none","DISCOVERY_ONLY","SRC-0012","VERIFIED_SOURCE_OR_CANDIDATE_LOCATOR","SOURCE_ENTITY_VERIFIED_BUT_NO_REVIEWED_ARTIFACT_BINDING_RECEIPT","false","false","ovnis.source-reference-adjudication/v1"
"OVART_REF_0f35d3364a6076ea6c91c50e","0f35d3364a6076ea6c91c50e414b09c1559ee62c2b7db2a20f0be4d9088b142f","https://inexplicata.blogspot.com/2009/03/puerto-rico-luminous-object-over-guanica.html","1","PRUAP-0396","none","DISCOVERY_ONLY","SRC-0012","VERIFIED_SOURCE_OR_CANDIDATE_LOCATOR","SOURCE_ENTITY_VERIFIED_BUT_NO_REVIEWED_ARTIFACT_BINDING_RECEIPT","false","false","ovnis.source-reference-adjudication/v1"
"OVART_REF_91ee5c2204156c2228a68639","91ee5c2204156c2228a686390ef1ad810645f448d5391cb6cdf87862c95d6617","https://inexplicata.blogspot.com/2009/11/puerto-rico-triangular-ufo-over.html?m=1","3","PRUAP-0399;PRUAP-0400;PRUAP-0401","none","DISCOVERY_ONLY","SRC-0012","VERIFIED_SOURCE_OR_CANDIDATE_LOCATOR","SOURCE_ENTITY_VERIFIED_BUT_NO_REVIEWED_ARTIFACT_BINDING_RECEIPT","false","false","ovnis.source-reference-adjudication/v1"
"OVART_REF_5843d19047ed329e9ce4c04c","5843d19047ed329e9ce4c04c83fed29fb355b757393e544730d6b9e9e0ca64c0","https://inexplicata.blogspot.com/2010/06/of-humans-and-parahumans.html","1","PRUAP-0094","none","DISCOVERY_ONLY","SRC-0012","VERIFIED_SOURCE_OR_CANDIDATE_LOCATOR","SOURCE_ENTITY_VERIFIED_BUT_NO_REVIEWED_ARTIFACT_BINDING_RECEIPT","false","false","ovnis.source-reference-adjudication/v1"
"OVART_REF_c75e7d059d8c9da1141bcb1f","c75e7d059d8c9da1141bcb1fdb9054e4e4c0ba974d032bc09f2fe8933f61e95a","https://inexplicata.blogspot.com/2010/08/ufos-in-1950s-caribbean-crisis-by-scott.html","4","PRUAP-0011;PRUAP-0037;PRUAP-0038;PRUAP-0040","PR Police/FURA;none","DISCOVERY_ONLY","SRC-0012","VERIFIED_SOURCE_OR_CANDIDATE_LOCATOR","SOURCE_ENTITY_VERIFIED_BUT_NO_REVIEWED_ARTIFACT_BINDING_RECEIPT","false","false","ovnis.source-reference-adjudication/v1"
"OVART_REF_08697ae7c312e13a68689830","08697ae7c312e13a6868983001608195597db1f0ec66c50df466f46d394749a3","https://inexplicata.blogspot.com/2010/08/ufos‑in‑1950s‑caribbean‑crisis‑by‑scott.html","3","PRUAP-0021;PRUAP-0026;PRUAP-0029","none","DISCOVERY_ONLY","SRC-0012","VERIFIED_SOURCE_OR_CANDIDATE_LOCATOR","SOURCE_ENTITY_VERIFIED_BUT_NO_REVIEWED_ARTIFACT_BINDING_RECEIPT","false","false","ovnis.source-reference-adjudication/v1"
"OVART_REF_f8b6b6b8490c1efcea7a4249","f8b6b6b8490c1efcea7a4249712cdfbb42026e20adcc3be0c2d770de3d40b60a","https://inexplicata.blogspot.com/2010/09/mystery-animals-yesterday-and-today","1","PRUAP-0139","none","DISCOVERY_ONLY","SRC-0012","VERIFIED_SOURCE_OR_CANDIDATE_LOCATOR","SOURCE_ENTITY_VERIFIED_BUT_NO_REVIEWED_ARTIFACT_BINDING_RECEIPT","false","false","ovnis.source-reference-adjudication/v1"
"OVART_REF_3dd50b12dd7483062913de45","3dd50b12dd7483062913de45ac05988bbda3279984776789b81fcc23d4dfaf71","https://inexplicata.blogspot.com/2010/09/mystery-animals-yesterday-and-today.html","3","PRUAP-0134;PRUAP-0135;PRUAP-0136","none","DISCOVERY_ONLY","SRC-0012","VERIFIED_SOURCE_OR_CANDIDATE_LOCATOR","SOURCE_ENTITY_VERIFIED_BUT_NO_REVIEWED_ARTIFACT_BINDING_RECEIPT","false","false","ovnis.source-reference-adjudication/v1"
"OVART_REF_77bc69aa77177fffd79bdbbb","77bc69aa77177fffd79bdbbbaea953c12dfe30e8ca93efe1aeac40e7ee5ab4c3","https://inexplicata.blogspot.com/2011/04/dark-holiness-forgotten-apparitions","1","PRUAP-0221","none","DISCOVERY_ONLY","SRC-0012","VERIFIED_SOURCE_OR_CANDIDATE_LOCATOR","SOURCE_ENTITY_VERIFIED_BUT_NO_REVIEWED_ARTIFACT_BINDING_RECEIPT","false","false","ovnis.source-reference-adjudication/v1"
"OVART_REF_859f1c00dca651eb8b09364f","859f1c00dca651eb8b09364f7deabc86f6b722e9f90b5fe38021b6a5abd169fb","https://inexplicata.blogspot.com/2012/01/electromagnetic-effects-ce-iis.html","1","PRUAP-0116","none","DISCOVERY_ONLY","SRC-0012","VERIFIED_SOURCE_OR_CANDIDATE_LOCATOR","SOURCE_ENTITY_VERIFIED_BUT_NO_REVIEWED_ARTIFACT_BINDING_RECEIPT","false","false","ovnis.source-reference-adjudication/v1"
"OVART_REF_5305ef5109a1642be79a162d","5305ef5109a1642be79a162d850ee80dd62424f452e839e6bbc592c371166898","https://inexplicata.blogspot.com/2012/06/touch-of-darkness-cemeteries-and-ufos","1","PRUAP-0141","none","DISCOVERY_ONLY","SRC-0012","VERIFIED_SOURCE_OR_CANDIDATE_LOCATOR","SOURCE_ENTITY_VERIFIED_BUT_NO_REVIEWED_ARTIFACT_BINDING_RECEIPT","false","false","ovnis.source-reference-adjudication/v1"
"OVART_REF_7bc3d4f9f1227c60fa5ef57b","7bc3d4f9f1227c60fa5ef57bc844b0c3306661d1150a69261caf7f51f4d57062","https://inexplicata.blogspot.com/2012/10/spirit-of-radio-broadcasts-from-unknown","1","PRUAP-0137","none","DISCOVERY_ONLY","SRC-0012","VERIFIED_SOURCE_OR_CANDIDATE_LOCATOR","SOURCE_ENTITY_VERIFIED_BUT_NO_REVIEWED_ARTIFACT_BINDING_RECEIPT","false","false","ovnis.source-reference-adjudication/v1"
"OVART_REF_fc79c1a8a9a9a84c59a82fee","fc79c1a8a9a9a84c59a82feec8dd594a5f6685a0c2903f5abf6bd26543678d25","https://inexplicata.blogspot.com/2012/10/spirit-of-radio-broadcasts-from-unknown.html","1","PRUAP-0244","none","DISCOVERY_ONLY","SRC-0012","VERIFIED_SOURCE_OR_CANDIDATE_LOCATOR","SOURCE_ENTITY_VERIFIED_BUT_NO_REVIEWED_ARTIFACT_BINDING_RECEIPT","false","false","ovnis.source-reference-adjudication/v1"
"OVART_REF_f979fa17bb20183a575e4899","f979fa17bb20183a575e489987a89d43256672e670781a3c1f728d34fa52dded","https://inexplicata.blogspot.com/2013/04/gathering-evidence-from-unknown-entity.html","1","PRUAP-0421","none","DISCOVERY_ONLY","SRC-0012","VERIFIED_SOURCE_OR_CANDIDATE_LOCATOR","SOURCE_ENTITY_VERIFIED_BUT_NO_REVIEWED_ARTIFACT_BINDING_RECEIPT","false","false","ovnis.source-reference-adjudication/v1"
"OVART_REF_3d574d39397ff2122563ab7d","3d574d39397ff2122563ab7d2cf669c08c77fd816eb6abd8a0b89515446c6dc1","https://inexplicata.blogspot.com/2013/04/puerto-rico-chupacabras-night-siege.html","1","PRUAP-0419","none","DISCOVERY_ONLY","SRC-0012","VERIFIED_SOURCE_OR_CANDIDATE_LOCATOR","SOURCE_ENTITY_VERIFIED_BUT_NO_REVIEWED_ARTIFACT_BINDING_RECEIPT","false","false","ovnis.source-reference-adjudication/v1"
"OVART_REF_11fb637572e23c9b63348c4a","11fb637572e23c9b63348c4a620bdc867ef3602dbe146714be39ecf1df262077","https://inexplicata.blogspot.com/2013/04/puerto-rico-chupacabras-sudden-impact.html","1","PRUAP-0418","none","DISCOVERY_ONLY","SRC-0012","VERIFIED_SOURCE_OR_CANDIDATE_LOCATOR","SOURCE_ENTITY_VERIFIED_BUT_NO_REVIEWED_ARTIFACT_BINDING_RECEIPT","false","false","ovnis.source-reference-adjudication/v1"
"OVART_REF_69c0775c098418d89600d44d","69c0775c098418d89600d44d970b1b71bd18f91949f6e591e08ca357d268dd53","https://inexplicata.blogspot.com/2013/04/puerto-rico-chupacabras-update-04282013.html","1","PRUAP-0424","none","DISCOVERY_ONLY","SRC-0012","VERIFIED_SOURCE_OR_CANDIDATE_LOCATOR","SOURCE_ENTITY_VERIFIED_BUT_NO_REVIEWED_ARTIFACT_BINDING_RECEIPT","false","false","ovnis.source-reference-adjudication/v1"
"OVART_REF_c8c77af075bc13be8d52b6f6","c8c77af075bc13be8d52b6f6bf5a62b2e86e52204fdbb961ebf0ca34e35e0259","https://inexplicata.blogspot.com/2013/04/puerto-rico-new-spree-of-chupacabras.html","1","PRUAP-0420","none","DISCOVERY_ONLY","SRC-0012","VERIFIED_SOURCE_OR_CANDIDATE_LOCATOR","SOURCE_ENTITY_VERIFIED_BUT_NO_REVIEWED_ARTIFACT_BINDING_RECEIPT","false","false","ovnis.source-reference-adjudication/v1"
"OVART_REF_9eea4fcf501921e1010f0274","9eea4fcf501921e1010f0274271d6b9d1d1f9be6ea6a9aafb85f5035f5652ac3","https://inexplicata.blogspot.com/2015/08/adjuntas-mystery-lost-in-mountains","4","PRUAP-0104;PRUAP-0112;PRUAP-0220;PRUAP-0232","PR Police/FURA;none","DISCOVERY_ONLY","SRC-0012","VERIFIED_SOURCE_OR_CANDIDATE_LOCATOR","SOURCE_ENTITY_VERIFIED_BUT_NO_REVIEWED_ARTIFACT_BINDING_RECEIPT","false","false","ovnis.source-reference-adjudication/v1"
"OVART_REF_086cc79a95324236cc9229ee","086cc79a95324236cc9229ee377fe62e6bea3b948fc08e8fc9199c2badaddcb9","https://inexplicata.blogspot.com/2015/08/adjuntas-mystery-lost-in-mountains.html","1","PRUAP-0028","none","DISCOVERY_ONLY","SRC-0012","VERIFIED_SOURCE_OR_CANDIDATE_LOCATOR","SOURCE_ENTITY_VERIFIED_BUT_NO_REVIEWED_ARTIFACT_BINDING_RECEIPT","false","false","ovnis.source-reference-adjudication/v1"
"OVART_REF_3773e48a629c19fac46ca0b0","3773e48a629c19fac46ca0b04784db8cf9df0d5bb33164df86b8f1790e04b0a3","https://inexplicata.blogspot.com/2015/11/passing-out-of-sight-chronicle-of","1","PRUAP-0185","none","DISCOVERY_ONLY","SRC-0012","VERIFIED_SOURCE_OR_CANDIDATE_LOCATOR","SOURCE_ENTITY_VERIFIED_BUT_NO_REVIEWED_ARTIFACT_BINDING_RECEIPT","false","false","ovnis.source-reference-adjudication/v1"
"OVART_REF_208a9528b121aed47e4cfdd9","208a9528b121aed47e4cfdd9e56e38699dcdb9765aff7dccc547b3318b8ed354","https://inexplicata.blogspot.com/2016/06/the-pulse-of-ufos-and-paranormal-two.html","2","PRUAP-0268;PRUAP-0269","PR Police/FURA;none","DISCOVERY_ONLY","SRC-0012","VERIFIED_SOURCE_OR_CANDIDATE_LOCATOR","SOURCE_ENTITY_VERIFIED_BUT_NO_REVIEWED_ARTIFACT_BINDING_RECEIPT","false","false","ovnis.source-reference-adjudication/v1"
"OVART_REF_546dcba0949bd2380a662b97","546dcba0949bd2380a662b9704ff14dff7119a94c5d6bed71ba146c54f4db6a9","https://inexplicata.blogspot.com/2023/01/puerto-rico-shaky-alien-in-my-backyard.html","1","PRUAP-0138","none","DISCOVERY_ONLY","SRC-0012","VERIFIED_SOURCE_OR_CANDIDATE_LOCATOR","SOURCE_ENTITY_VERIFIED_BUT_NO_REVIEWED_ARTIFACT_BINDING_RECEIPT","false","false","ovnis.source-reference-adjudication/v1"
"OVART_REF_2df252b90899d27de4fb5728","2df252b90899d27de4fb572860ebae93f8de768d99d6c7515ed81c39a20af6dc","https://inexplicata.blogspot.com/2024/01/50-years-ago-puerto-ricos-flamingo.html?m=1","1","PRUAP-0124","none","DISCOVERY_ONLY","SRC-0012","VERIFIED_SOURCE_OR_CANDIDATE_LOCATOR","SOURCE_ENTITY_VERIFIED_BUT_NO_REVIEWED_ARTIFACT_BINDING_RECEIPT","false","false","ovnis.source-reference-adjudication/v1"
"OVART_REF_0a6a336b0f2ad9dc3f959ec5","0a6a336b0f2ad9dc3f959ec548c68d816405c227ecaf76085d971facde152326","https://misteriossinrespuesta.blogspot.com/2008/01/ovni-ren-caja-de-muerto.html","1","PRUAP-0377","none","DISCOVERY_ONLY","","EXTERNAL_EXACT_LOCATOR_UNREGISTERED","EXACT_EXTERNAL_REFERENCE_PRESERVED_SOURCE_IDENTITY_NOT_YET_ADJUDICATED","false","false","ovnis.source-reference-adjudication/v1"
"OVART_REF_8f5cbfd5afa89eafd36bbaf4","8f5cbfd5afa89eafd36bbaf48e02f76ca570f6fce7450b14dd8491ebe12aef5c","https://mufoncms.com/cgi-bin/report_handler.pl?req=view_long_desc&id=12345","1","PRUAP-0248","none","REVIEW_TIE","SRC-CAND-0005","PARENT_CHAPTER_OR_CMS_SCOPE_OPEN","MUFON_PARENT_VS_PRMUFON_SCOPE_NOT_CANONICALLY_RESOLVED","false","false","ovnis.source-reference-adjudication/v1"
"OVART_REF_39094d5ff49f7ee5a8fed3fd","39094d5ff49f7ee5a8fed3fdab35e97198e136d96d5a911d7e02694baaaf12e6","https://mufoncms.com/cgi-bin/report_handler.pl?req=view_long_desc&id=123456","1","PRUAP-0326","none","REVIEW_TIE","SRC-CAND-0005","PARENT_CHAPTER_OR_CMS_SCOPE_OPEN","MUFON_PARENT_VS_PRMUFON_SCOPE_NOT_CANONICALLY_RESOLVED","false","false","ovnis.source-reference-adjudication/v1"
"OVART_REF_07cc490467457ae97139f561","07cc490467457ae97139f561e04868d0adf99b8a49b476be5e0804ab47d6c3a2","https://mufoncms.com/cgi-bin/report_handler.pl?req=view_long_desc&id=67890","1","PRUAP-0184","none","REVIEW_TIE","SRC-CAND-0005","PARENT_CHAPTER_OR_CMS_SCOPE_OPEN","MUFON_PARENT_VS_PRMUFON_SCOPE_NOT_CANONICALLY_RESOLVED","false","false","ovnis.source-reference-adjudication/v1"
"OVART_REF_99286c819047666fb504816a","99286c819047666fb504816a5b6ff235f2a6ad17874fdf02c75728b8c6d58032","https://mufoncms.com/cgi-bin/report_handler.pl?req=view_long_desc&id=PR20180618","1","PRUAP-0438","none","REVIEW_TIE","SRC-CAND-0005","PARENT_CHAPTER_OR_CMS_SCOPE_OPEN","MUFON_PARENT_VS_PRMUFON_SCOPE_NOT_CANONICALLY_RESOLVED","false","false","ovnis.source-reference-adjudication/v1"
"OVART_REF_7d392fc119fef9d9cf933471","7d392fc119fef9d9cf933471ee13b908026ad8446e2f78fc3b6f46c87020e4c9","https://news.yahoo.com/navy-officer-says-underwater-ufos-are-legitimate-threats-the-evidence-is-hard-to-ignore-133058547.html","1","PRUAP-0219","U.S. Navy","DISCOVERY_ONLY","","EXTERNAL_EXACT_LOCATOR_UNREGISTERED","EXACT_EXTERNAL_REFERENCE_PRESERVED_SOURCE_IDENTITY_NOT_YET_ADJUDICATED","false","false","ovnis.source-reference-adjudication/v1"
"OVART_REF_12ac82416691f38aab6a65db","12ac82416691f38aab6a65dbbe11f3c6603842e52717725df3a893474fcc9b91","https://nuforc.org","1","PRUAP-0278","none","DISCOVERY_ONLY","SRC-0010","VERIFIED_SOURCE_OR_CANDIDATE_LOCATOR","SOURCE_ENTITY_VERIFIED_BUT_NO_REVIEWED_ARTIFACT_BINDING_RECEIPT","false","false","ovnis.source-reference-adjudication/v1"
"OVART_REF_417656989b2f13249e9abfce","417656989b2f13249e9abfce623a732dda61b35674d7e0ea15b0338ca320e13d","https://nuforc.org/sighting/?id=10267","1","PRUAP-0293","none","DISCOVERY_ONLY","SRC-0010","VERIFIED_SOURCE_OR_CANDIDATE_LOCATOR","SOURCE_ENTITY_VERIFIED_BUT_NO_REVIEWED_ARTIFACT_BINDING_RECEIPT","false","false","ovnis.source-reference-adjudication/v1"
"OVART_REF_7a2f2542bfb3a5080c9c8a3e","7a2f2542bfb3a5080c9c8a3eabc006d3c6a9f50d810d514a788094342dd3fa48","https://nuforc.org/sighting/?id=10270","1","PRUAP-0274","none","DISCOVERY_ONLY","SRC-0010","VERIFIED_SOURCE_OR_CANDIDATE_LOCATOR","SOURCE_ENTITY_VERIFIED_BUT_NO_REVIEWED_ARTIFACT_BINDING_RECEIPT","false","false","ovnis.source-reference-adjudication/v1"
"OVART_REF_d45d1963894d7919fd45d1ad","d45d1963894d7919fd45d1adc5b6464a34ee5f499feccf46668fa0d43fe92652","https://nuforc.org/sighting/?id=11902","1","PRUAP-0035","none","DISCOVERY_ONLY","SRC-0010","VERIFIED_SOURCE_OR_CANDIDATE_LOCATOR","SOURCE_ENTITY_VERIFIED_BUT_NO_REVIEWED_ARTIFACT_BINDING_RECEIPT","false","false","ovnis.source-reference-adjudication/v1"
"OVART_REF_9b5262942d6a5a3a046442ae","9b5262942d6a5a3a046442ae802f723583ef18d779e4378872f15df51e0c8e40","https://nuforc.org/sighting/?id=12246","1","PRUAP-0075","none","DISCOVERY_ONLY","SRC-0010","VERIFIED_SOURCE_OR_CANDIDATE_LOCATOR","SOURCE_ENTITY_VERIFIED_BUT_NO_REVIEWED_ARTIFACT_BINDING_RECEIPT","false","false","ovnis.source-reference-adjudication/v1"
"OVART_REF_de3c57169339488f9c63d6bf","de3c57169339488f9c63d6bfda3f2ba50f42b33b9bd157fd36efcb180330e9ff","https://nuforc.org/sighting/?id=14203","1","PRUAP-0301","none","DISCOVERY_ONLY","SRC-0010","VERIFIED_SOURCE_OR_CANDIDATE_LOCATOR","SOURCE_ENTITY_VERIFIED_BUT_NO_REVIEWED_ARTIFACT_BINDING_RECEIPT","false","false","ovnis.source-reference-adjudication/v1"
"OVART_REF_2a954a3ad6c5b75238dccff2","2a954a3ad6c5b75238dccff22132501582c1414bc3d051015b36293e16ab37e4","https://nuforc.org/sighting/?id=15695","1","PRUAP-0298","none","DISCOVERY_ONLY","SRC-0010","VERIFIED_SOURCE_OR_CANDIDATE_LOCATOR","SOURCE_ENTITY_VERIFIED_BUT_NO_REVIEWED_ARTIFACT_BINDING_RECEIPT","false","false","ovnis.source-reference-adjudication/v1"
"OVART_REF_4bfbe8aa180ca9288acf7e1b","4bfbe8aa180ca9288acf7e1b41145dec656f240499263693e3d852a802703518","https://nuforc.org/sighting/?id=184684","1","PRUAP-0453","none","DISCOVERY_ONLY","SRC-0010","VERIFIED_SOURCE_OR_CANDIDATE_LOCATOR","SOURCE_ENTITY_VERIFIED_BUT_NO_REVIEWED_ARTIFACT_BINDING_RECEIPT","false","false","ovnis.source-reference-adjudication/v1"
"OVART_REF_553d385a7640ac27a77ffbed","553d385a7640ac27a77ffbed192a69367b137835aa2a4176998dc6f802ad8a3f","https://nuforc.org/sighting/?id=186332","1","PRUAP-0464","none","DISCOVERY_ONLY","SRC-0010","VERIFIED_SOURCE_OR_CANDIDATE_LOCATOR","SOURCE_ENTITY_VERIFIED_BUT_NO_REVIEWED_ARTIFACT_BINDING_RECEIPT","false","false","ovnis.source-reference-adjudication/v1"
"OVART_REF_acaa1987706667d4ccb87aea","acaa1987706667d4ccb87aea6d07db71b3f34f23f813e9ff878ad1fa31c6176b","https://nuforc.org/sighting/?id=191914","1","PRUAP-0469","none","DISCOVERY_ONLY","SRC-0010","VERIFIED_SOURCE_OR_CANDIDATE_LOCATOR","SOURCE_ENTITY_VERIFIED_BUT_NO_REVIEWED_ARTIFACT_BINDING_RECEIPT","false","false","ovnis.source-reference-adjudication/v1"
"OVART_REF_f8e6cb1852cb80fa07d92fe6","f8e6cb1852cb80fa07d92fe6b1440d9d94fecd5ab25f9f11a409ee3bd1e439f0","https://nuforc.org/sighting/?id=20913","1","PRUAP-0295","none","DISCOVERY_ONLY","SRC-0010","VERIFIED_SOURCE_OR_CANDIDATE_LOCATOR","SOURCE_ENTITY_VERIFIED_BUT_NO_REVIEWED_ARTIFACT_BINDING_RECEIPT","false","false","ovnis.source-reference-adjudication/v1"
"OVART_REF_bef5eb4404034403d35294c9","bef5eb4404034403d35294c9b6bef90b374dd814606922a7e1eedc09ccd2d07e","https://nuforc.org/sighting/?id=29403","1","PRUAP-0067","none","DISCOVERY_ONLY","SRC-0010","VERIFIED_SOURCE_OR_CANDIDATE_LOCATOR","SOURCE_ENTITY_VERIFIED_BUT_NO_REVIEWED_ARTIFACT_BINDING_RECEIPT","false","false","ovnis.source-reference-adjudication/v1"
"OVART_REF_dee870e8caf884e5ec053561","dee870e8caf884e5ec0535613604bfaafbc9c41e3c9aada1c578bfce9f4553ca","https://nuforc.org/sighting/?id=3028","1","PRUAP-0275","none","DISCOVERY_ONLY","SRC-0010","VERIFIED_SOURCE_OR_CANDIDATE_LOCATOR","SOURCE_ENTITY_VERIFIED_BUT_NO_REVIEWED_ARTIFACT_BINDING_RECEIPT","false","false","ovnis.source-reference-adjudication/v1"
"OVART_REF_fb42df97010329368a163a7b","fb42df97010329368a163a7bba2e52fff64d0cc7ee2d93d55d6e2c754210c70e","https://nuforc.org/sighting/?id=3240","1","PRUAP-0282","none","DISCOVERY_ONLY","SRC-0010","VERIFIED_SOURCE_OR_CANDIDATE_LOCATOR","SOURCE_ENTITY_VERIFIED_BUT_NO_REVIEWED_ARTIFACT_BINDING_RECEIPT","false","false","ovnis.source-reference-adjudication/v1"
"OVART_REF_be294814e16b48083b9b0a00","be294814e16b48083b9b0a00240a296de56f9b8a66b336150eb7cec06133ab7d","https://nuforc.org/sighting/?id=34448","1","PRUAP-0289","none","DISCOVERY_ONLY","SRC-0010","VERIFIED_SOURCE_OR_CANDIDATE_LOCATOR","SOURCE_ENTITY_VERIFIED_BUT_NO_REVIEWED_ARTIFACT_BINDING_RECEIPT","false","false","ovnis.source-reference-adjudication/v1"
"OVART_REF_24cf2d26d9d6bd8a3d9b40fa","24cf2d26d9d6bd8a3d9b40fa04722ee5c7abe9e06c9e376508f3e02d98117f9e","https://nuforc.org/sighting/?id=4524","1","PRUAP-0280","none","DISCOVERY_ONLY","SRC-0010","VERIFIED_SOURCE_OR_CANDIDATE_LOCATOR","SOURCE_ENTITY_VERIFIED_BUT_NO_REVIEWED_ARTIFACT_BINDING_RECEIPT","false","false","ovnis.source-reference-adjudication/v1"
"OVART_REF_60f33c2ef9aca072685be7ea","60f33c2ef9aca072685be7ea4be062a1ff1db3a656527434a9039e01bf524164","https://nuforc.org/sighting/?id=4560","1","PRUAP-0287","none","DISCOVERY_ONLY","SRC-0010","VERIFIED_SOURCE_OR_CANDIDATE_LOCATOR","SOURCE_ENTITY_VERIFIED_BUT_NO_REVIEWED_ARTIFACT_BINDING_RECEIPT","false","false","ovnis.source-reference-adjudication/v1"
"OVART_REF_ab01211aeb1f3d1a4c404cbe","ab01211aeb1f3d1a4c404cbe24c4ac9bb88be2bc44edb292d83fb2a5d5f30347","https://nuforc.org/sighting/?id=49549","1","PRUAP-0284","NASA","DISCOVERY_ONLY","SRC-0010","VERIFIED_SOURCE_OR_CANDIDATE_LOCATOR","SOURCE_ENTITY_VERIFIED_BUT_NO_REVIEWED_ARTIFACT_BINDING_RECEIPT","false","false","ovnis.source-reference-adjudication/v1"
"OVART_REF_f3304e59312f74b05f236b5f","f3304e59312f74b05f236b5f8a4517ded473d14130d38e0e3ac7297376d3441d","https://nuforc.org/sighting/?id=57100","1","PRUAP-0144","none","DISCOVERY_ONLY","SRC-0010","VERIFIED_SOURCE_OR_CANDIDATE_LOCATOR","SOURCE_ENTITY_VERIFIED_BUT_NO_REVIEWED_ARTIFACT_BINDING_RECEIPT","false","false","ovnis.source-reference-adjudication/v1"
"OVART_REF_7f018ff16a66e12ffe94fe54","7f018ff16a66e12ffe94fe54cef47f6dab54a55e4d87a3ccba4100f5c707664d","https://nuforc.org/sighting/?id=64448","1","PRUAP-0286","none","DISCOVERY_ONLY","SRC-0010","VERIFIED_SOURCE_OR_CANDIDATE_LOCATOR","SOURCE_ENTITY_VERIFIED_BUT_NO_REVIEWED_ARTIFACT_BINDING_RECEIPT","false","false","ovnis.source-reference-adjudication/v1"
"OVART_REF_eed04c40ec6d4fe83db50498","eed04c40ec6d4fe83db504986010cfd37c9cd6b8697a1e02dbc2bb3f550d43b3","https://nuforc.org/sighting/?id=65554","2","PRUAP-0290;PRUAP-0291","none","DISCOVERY_ONLY","SRC-0010","VERIFIED_SOURCE_OR_CANDIDATE_LOCATOR","SOURCE_ENTITY_VERIFIED_BUT_NO_REVIEWED_ARTIFACT_BINDING_RECEIPT","false","false","ovnis.source-reference-adjudication/v1"
"OVART_REF_9c625cff6ed8cdbcf468df92","9c625cff6ed8cdbcf468df92de921db645e08c30cbd088d396c6be94b2a41807","https://nuforc.org/sighting/?id=66795","1","PRUAP-0285","none","DISCOVERY_ONLY","SRC-0010","VERIFIED_SOURCE_OR_CANDIDATE_LOCATOR","SOURCE_ENTITY_VERIFIED_BUT_NO_REVIEWED_ARTIFACT_BINDING_RECEIPT","false","false","ovnis.source-reference-adjudication/v1"
"OVART_REF_53186ef79fa2af443d6fe826","53186ef79fa2af443d6fe8265aba54657cd5959eafab4f962309e13522e00734","https://nuforc.org/sighting/?id=67756","1","PRUAP-0058","none","DISCOVERY_ONLY","SRC-0010","VERIFIED_SOURCE_OR_CANDIDATE_LOCATOR","SOURCE_ENTITY_VERIFIED_BUT_NO_REVIEWED_ARTIFACT_BINDING_RECEIPT","false","false","ovnis.source-reference-adjudication/v1"
"OVART_REF_3c8bf7947640b22e288e99d4","3c8bf7947640b22e288e99d4411a717e30dbd233f1a1620dc00af0d5505df9c5","https://nuforc.org/sighting/?id=72900","1","PRUAP-0009","U.S. Army","DISCOVERY_ONLY","SRC-0010","VERIFIED_SOURCE_OR_CANDIDATE_LOCATOR","SOURCE_ENTITY_VERIFIED_BUT_NO_REVIEWED_ARTIFACT_BINDING_RECEIPT","false","false","ovnis.source-reference-adjudication/v1"
"OVART_REF_ea375b158ac7825d6fb1c74d","ea375b158ac7825d6fb1c74d0d1d5a44433009d530f2fd494c2f512a7ae8dac1","https://nuforc.org/sighting/?id=80294","1","PRUAP-0314","none","DISCOVERY_ONLY","SRC-0010","VERIFIED_SOURCE_OR_CANDIDATE_LOCATOR","SOURCE_ENTITY_VERIFIED_BUT_NO_REVIEWED_ARTIFACT_BINDING_RECEIPT","false","false","ovnis.source-reference-adjudication/v1"
"OVART_REF_1e82f20dee4b62b0939e34e0","1e82f20dee4b62b0939e34e0d2dfbd76cda6aea2c6335eaacd4d49d7a6e68e54","https://nuforc.org/sighting/?id=81510","2","PRUAP-0408;PRUAP-0410","none","DISCOVERY_ONLY","SRC-0010","VERIFIED_SOURCE_OR_CANDIDATE_LOCATOR","SOURCE_ENTITY_VERIFIED_BUT_NO_REVIEWED_ARTIFACT_BINDING_RECEIPT","false","false","ovnis.source-reference-adjudication/v1"
"OVART_REF_ba86ec860fc87c6bdeac8199","ba86ec860fc87c6bdeac8199b5adc8e76995400572a142e11b02232e9f0bcc46","https://nuforc.org/sighting/?id=81622","1","PRUAP-0059","none","DISCOVERY_ONLY","SRC-0010","VERIFIED_SOURCE_OR_CANDIDATE_LOCATOR","SOURCE_ENTITY_VERIFIED_BUT_NO_REVIEWED_ARTIFACT_BINDING_RECEIPT","false","false","ovnis.source-reference-adjudication/v1"
"OVART_REF_6f44fd70de1233006a1beaba","6f44fd70de1233006a1beaba79dc453aed5b09aa78db6e875d0418068afd8e98","https://nuforc.org/sighting/?id=84240","1","PRUAP-0392","none","DISCOVERY_ONLY","SRC-0010","VERIFIED_SOURCE_OR_CANDIDATE_LOCATOR","SOURCE_ENTITY_VERIFIED_BUT_NO_REVIEWED_ARTIFACT_BINDING_RECEIPT","false","false","ovnis.source-reference-adjudication/v1"
"OVART_REF_bfcd0656ce11395c3864a54c","bfcd0656ce11395c3864a54ce0f4e2cf35af040e238f71ca2a66c59b76509297","https://nuforc.org/sighting/?id=85472","1","PRUAP-0393","none","DISCOVERY_ONLY","SRC-0010","VERIFIED_SOURCE_OR_CANDIDATE_LOCATOR","SOURCE_ENTITY_VERIFIED_BUT_NO_REVIEWED_ARTIFACT_BINDING_RECEIPT","false","false","ovnis.source-reference-adjudication/v1"
"OVART_REF_c270640e38b1c1257becb861","c270640e38b1c1257becb86144b63a416cf1b4130dcd204dd6e2b12c47fdb2cb","https://nuforc.org/sighting/?id=91322","1","PRUAP-0296","none","DISCOVERY_ONLY","SRC-0010","VERIFIED_SOURCE_OR_CANDIDATE_LOCATOR","SOURCE_ENTITY_VERIFIED_BUT_NO_REVIEWED_ARTIFACT_BINDING_RECEIPT","false","false","ovnis.source-reference-adjudication/v1"
"OVART_REF_f4f407d8a9cb151efa2e37ee","f4f407d8a9cb151efa2e37eeb66ac46717d84f5bcbbd797924b0a674df5bd27e","https://nuforc.org/sighting/?id=9581","1","PRUAP-0288","none","DISCOVERY_ONLY","SRC-0010","VERIFIED_SOURCE_OR_CANDIDATE_LOCATOR","SOURCE_ENTITY_VERIFIED_BUT_NO_REVIEWED_ARTIFACT_BINDING_RECEIPT","false","false","ovnis.source-reference-adjudication/v1"
"OVART_REF_1acace388653ae8a1e67af13","1acace388653ae8a1e67af1347c1e445147a57d3f6a6ef7c49d2c425d44a964b","https://nuforc.org/webreports/046/S46504.html","1","PRUAP-0328","none","DISCOVERY_ONLY","SRC-0010","VERIFIED_SOURCE_OR_CANDIDATE_LOCATOR","SOURCE_ENTITY_VERIFIED_BUT_NO_REVIEWED_ARTIFACT_BINDING_RECEIPT","false","false","ovnis.source-reference-adjudication/v1"
"OVART_REF_2afbee97598f41f4cc2ff488","2afbee97598f41f4cc2ff488604aef7ad8a1cbcb4e92457b0bd39b6496d93f5f","https://oakland.migenweb.org/documents/steiner_donald_death.php","1","PRUAP-0006","U.S. Navy","DISCOVERY_ONLY","","EXTERNAL_EXACT_LOCATOR_UNREGISTERED","EXACT_EXTERNAL_REFERENCE_PRESERVED_SOURCE_IDENTITY_NOT_YET_ADJUDICATED","false","false","ovnis.source-reference-adjudication/v1"
"OVART_REF_a085df105f001fa3325c5839","a085df105f001fa3325c58395a0fee8cecea61dbb40c1d145fadf09224f01ca6","https://oceanexplorer.noaa.gov/explorations/14puertorico/logs/aug8/aug8.html=","1","PRUAP-0429","none","DISCOVERY_ONLY","SRC-CAND-0016","VERIFIED_SOURCE_OR_CANDIDATE_LOCATOR","SOURCE_ENTITY_VERIFIED_BUT_NO_REVIEWED_ARTIFACT_BINDING_RECEIPT","false","false","ovnis.source-reference-adjudication/v1"
"OVART_REF_157690887c985bd95e2a4312","157690887c985bd95e2a431239aaf901ed1df010e835597d944edd4a267404ad","https://ovni-info.blogspot.com/2012/07/ovnis-avistados-en-puerto-rico-de-1972.html","3","PRUAP-0100;PRUAP-0101;PRUAP-0106","PR Police/FURA;none","DISCOVERY_ONLY","","EXTERNAL_EXACT_LOCATOR_UNREGISTERED","EXACT_EXTERNAL_REFERENCE_PRESERVED_SOURCE_IDENTITY_NOT_YET_ADJUDICATED","false","false","ovnis.source-reference-adjudication/v1"
"OVART_REF_178645f59dba9adfe38f94df","178645f59dba9adfe38f94dfdb6616a7f3ff0655cb963e37acda9c832a6f42e6","https://phantomsandmonsters.com/post/1757668014488","13","PRUAP-0199;PRUAP-0259;PRUAP-0310;PRUAP-0426;PRUAP-0457;PRUAP-0458;PRUAP-0459;PRUAP-0460;PRUAP-0461;PRUAP-0462;PRUAP-0463;PRUAP-0466;PRUAP-0468","none","DISCOVERY_ONLY","SRC-CAND-0009","VERIFIED_SOURCE_OR_CANDIDATE_LOCATOR","SOURCE_ENTITY_VERIFIED_BUT_NO_REVIEWED_ARTIFACT_BINDING_RECEIPT","false","false","ovnis.source-reference-adjudication/v1"
"OVART_REF_fdd0f227dfefd3e93a8e5972","fdd0f227dfefd3e93a8e5972159edc52dc74159d5c86335eca83cd485154fe4d","https://puretranquilitypublishing.com/ufo-sightings-2011-processed/","1","PRUAP-0411","none","DISCOVERY_ONLY","","EXTERNAL_EXACT_LOCATOR_UNREGISTERED","EXACT_EXTERNAL_REFERENCE_PRESERVED_SOURCE_IDENTITY_NOT_YET_ADJUDICATED","false","false","ovnis.source-reference-adjudication/v1"
"OVART_REF_613fffcd9d6f48e4df5c75d4","613fffcd9d6f48e4df5c75d4e3135a4d95ac1fa4c5ed92097ce518004dfec4f1","https://s3.us-east-1.amazonaws.com/documents.scribd.com/docs/8tl6d02x1c48ja5k.pdf?response-content-disposition=attachment%3B%20filename%3D%22251572168-INEXPLICATA-UFOs-in-Latin-America-and-Spain.pdf%22%3B%20filename%2A%3DUTF-8%27%27251572168-INEXPLICATA-UFOs-in-Latin-America-and-Spain.pdf&X-Amz-Algorithm=AWS4-HMAC-SHA256&X-Amz-Credential=AKIAIXSVRPH7S3LLN3RQ%2F20250727%2Fus-east-1%2Fs3%2Faws4_request&X-Amz-Date=20250727T185408Z&X-Amz-Expires=300&X-Amz-SignedHeaders=host&X-Amz-Signature=392daec43c9983ecc2827707d2aebdf44845a51f1a3583b4f501b756dd50aae2","1","PRUAP-0012","none","NON_BINDING_TERMINAL","","PLATFORM_OR_CUSTODIAL_CARRIER","EXACT_REFERENCE_IDENTIFIES_CARRIER_PLATFORM_NOT_RECORD_PRODUCER","false","true","ovnis.source-reference-adjudication/v1"
"OVART_REF_7e6c41eb3a2f236f4d12fd23","7e6c41eb3a2f236f4d12fd23240779dc12e35f47480fa7209d9fd13473562c03","https://thephenomenon.app/adjuntas/2016-07-14_disc_adjuntas/","1","PRUAP-0434","none","DISCOVERY_ONLY","","EXTERNAL_EXACT_LOCATOR_UNREGISTERED","EXACT_EXTERNAL_REFERENCE_PRESERVED_SOURCE_IDENTITY_NOT_YET_ADJUDICATED","false","false","ovnis.source-reference-adjudication/v1"
"OVART_REF_9bdb8e43790a52a591f0d598","9bdb8e43790a52a591f0d598178ffe319803841cf1e8a6eacdc392556b4982c3","https://thephenomenon.app/caribbean-sea/unknown_caribbean-sea/","1","PRUAP-0160","U.S. Navy","DISCOVERY_ONLY","","EXTERNAL_EXACT_LOCATOR_UNREGISTERED","EXACT_EXTERNAL_REFERENCE_PRESERVED_SOURCE_IDENTITY_NOT_YET_ADJUDICATED","false","false","ovnis.source-reference-adjudication/v1"
"OVART_REF_4b6eb8380a96eb31d6ae74ea","4b6eb8380a96eb31d6ae74ea540c52bd05357364bd3dd78d43f14fec6bf45371","https://thephenomenon.app/ponce/2016-03-10_flash_ponce/","1","PRUAP-0433","none","DISCOVERY_ONLY","","EXTERNAL_EXACT_LOCATOR_UNREGISTERED","EXACT_EXTERNAL_REFERENCE_PRESERVED_SOURCE_IDENTITY_NOT_YET_ADJUDICATED","false","false","ovnis.source-reference-adjudication/v1"
"OVART_REF_402319377a5172db4c856b2d","402319377a5172db4c856b2d49b7970038d85d265771413b5c6d81487c32d84f","https://thephenomenon.app/san-juan/2016-09-10_other_san-juan/","1","PRUAP-0435","none","DISCOVERY_ONLY","","EXTERNAL_EXACT_LOCATOR_UNREGISTERED","EXACT_EXTERNAL_REFERENCE_PRESERVED_SOURCE_IDENTITY_NOT_YET_ADJUDICATED","false","false","ovnis.source-reference-adjudication/v1"
"OVART_REF_d1763bb2126f46d824d368c6","d1763bb2126f46d824d368c6a699d8b8b0806f1707a3b5f5e96e8a8aa943c4f0","https://ufocasebook.com/Photo-Large-UFO-Levittown-Puerto-Rico.html","1","PRUAP-0167","PR Police/FURA","DISCOVERY_ONLY","SRC-CAND-0007","VERIFIED_SOURCE_OR_CANDIDATE_LOCATOR","SOURCE_ENTITY_VERIFIED_BUT_NO_REVIEWED_ARTIFACT_BINDING_RECEIPT","false","false","ovnis.source-reference-adjudication/v1"
"OVART_REF_db448f23f6cfe134b161b87f","db448f23f6cfe134b161b87f86b94eba4ce23cd4fd9a6e92796a7d7a99d675c7","https://web.archive.org/web/20050816214325/http://www.ufopr.com/articles/roosevelt2004video.html,","1","PRUAP-0320","U.S. Navy","NON_BINDING_TERMINAL","","PLATFORM_OR_CUSTODIAL_CARRIER","EXACT_REFERENCE_IDENTIFIES_CARRIER_PLATFORM_NOT_RECORD_PRODUCER","false","true","ovnis.source-reference-adjudication/v1"
"OVART_REF_27fed67cdf75873fe45cefe3","27fed67cdf75873fe45cefe30925ba3390093b791d0dd221962746ed6c3c20b3","https://web.archive.org/web/20170213145801/http://ufoarchives.net/field_reports/","1","PRUAP-0436","none","NON_BINDING_TERMINAL","","PLATFORM_OR_CUSTODIAL_CARRIER","EXACT_REFERENCE_IDENTIFIES_CARRIER_PLATFORM_NOT_RECORD_PRODUCER","false","true","ovnis.source-reference-adjudication/v1"
"OVART_REF_cda6f1cacc5588058913ef3e","cda6f1cacc5588058913ef3e51435dd73a33f3d39e10a74e6a424fb3f99e206b","https://web.archive.org/web/20230312/https://viequesuap.net/footage_0223","1","PRUAP-0447","U.S. Navy","NON_BINDING_TERMINAL","","PLATFORM_OR_CUSTODIAL_CARRIER","EXACT_REFERENCE_IDENTIFIES_CARRIER_PLATFORM_NOT_RECORD_PRODUCER","false","true","ovnis.source-reference-adjudication/v1"
"OVART_REF_ad6b221bd2d8f621ab0cef35","ad6b221bd2d8f621ab0cef35e1f08f5d80ba50a7a2fdc09c6dd1e40ff1b8ef3c","https://www.aaro.mil/Portals/136/PDFs/PR_Ponce_2020.pdf","1","PRUAP-0443","AARO; PR Police/FURA","DISCOVERY_ONLY","SRC-0006","VERIFIED_SOURCE_OR_CANDIDATE_LOCATOR","SOURCE_ENTITY_VERIFIED_BUT_NO_REVIEWED_ARTIFACT_BINDING_RECEIPT","false","false","ovnis.source-reference-adjudication/v1"
"OVART_REF_dd6e226a696afdd1c394a076","dd6e226a696afdd1c394a076417ed10e59dcc81806013ca89f990b428e50e6b1","https://www.abovetopsecret.com/forum/thread1258102/pg1","1","PRUAP-0208","U.S. Navy","DISCOVERY_ONLY","","EXTERNAL_EXACT_LOCATOR_UNREGISTERED","EXACT_EXTERNAL_REFERENCE_PRESERVED_SOURCE_IDENTITY_NOT_YET_ADJUDICATED","false","false","ovnis.source-reference-adjudication/v1"
"OVART_REF_f7468328d87f55f21aae67ef","f7468328d87f55f21aae67ef98231864c1983474a1880d7fdeda611fdaa76d33","https://www.archives.gov/files/research/military/ufos/case-pr-1977.pdf","1","PRUAP-0152","none","DISCOVERY_ONLY","SRC-CAND-0010","VERIFIED_SOURCE_OR_CANDIDATE_LOCATOR","SOURCE_ENTITY_VERIFIED_BUT_NO_REVIEWED_ARTIFACT_BINDING_RECEIPT","false","false","ovnis.source-reference-adjudication/v1"
"OVART_REF_8a5a317d00965678d67397b8","8a5a317d00965678d67397b8c4e6bf3f20e32bdce2c85dc0470721dc26bb8182","https://www.artangel.org.uk/witness/ufo-sightings-from-around-world/","1","PRUAP-0156","none","DISCOVERY_ONLY","","EXTERNAL_EXACT_LOCATOR_UNREGISTERED","EXACT_EXTERNAL_REFERENCE_PRESERVED_SOURCE_IDENTITY_NOT_YET_ADJUDICATED","false","false","ovnis.source-reference-adjudication/v1"
"OVART_REF_c6d3ec135dcf2fb20f0270b8","c6d3ec135dcf2fb20f0270b885a51b4839e5393b8d7f68f8e7863da41f7b17a6","https://www.ayfo.es/2016/01/puerto-rico-bases-agendas-y-testimonios.html","1","PRUAP-0297","U.S. Navy","DISCOVERY_ONLY","","EXTERNAL_EXACT_LOCATOR_UNREGISTERED","EXACT_EXTERNAL_REFERENCE_PRESERVED_SOURCE_IDENTITY_NOT_YET_ADJUDICATED","false","false","ovnis.source-reference-adjudication/v1"
"OVART_REF_88a5a5b026cb55a868494cae","88a5a5b026cb55a868494cae47ab8cb2dccc1de1d3e727e0677060f5076cc8f2","https://www.blackvault.com/documentarchive/uscg-culebra-2020/","1","PRUAP-0444","USCG","DISCOVERY_ONLY","SRC-CAND-0013","VERIFIED_SOURCE_OR_CANDIDATE_LOCATOR","SOURCE_ENTITY_VERIFIED_BUT_NO_REVIEWED_ARTIFACT_BINDING_RECEIPT","false","false","ovnis.source-reference-adjudication/v1"
"OVART_REF_dbb00d82138bfdd43d6285eb","dbb00d82138bfdd43d6285eb1e8fa7e2346738cb7ece576748bc4e259e4c450b","https://www.blackvault.com/documentarchive/uscg-desecheo-2021/","1","PRUAP-0445","USCG","DISCOVERY_ONLY","SRC-CAND-0013","VERIFIED_SOURCE_OR_CANDIDATE_LOCATOR","SOURCE_ENTITY_VERIFIED_BUT_NO_REVIEWED_ARTIFACT_BINDING_RECEIPT","false","false","ovnis.source-reference-adjudication/v1"
"OVART_REF_d6bd0371a1c6789017c28bb4","d6bd0371a1c6789017c28bb4a44afa556adaccdbfa2c01fd207edfcf36bbea45","https://www.britannica.com/topic/chupacabra","1","PRUAP-0253","none","DISCOVERY_ONLY","","EXTERNAL_EXACT_LOCATOR_UNREGISTERED","EXACT_EXTERNAL_REFERENCE_PRESERVED_SOURCE_IDENTITY_NOT_YET_ADJUDICATED","false","false","ovnis.source-reference-adjudication/v1"
"OVART_REF_6b076295463df9d529451783","6b076295463df9d529451783820eac706bb959c00915e8783b11397f622eb0ae","https://www.cia.gov/readingroom/document/cia-rdp81r00560r000100010001-0","3","PRUAP-0039;PRUAP-0044;PRUAP-0051","none","DISCOVERY_ONLY","SRC-CAND-0011","VERIFIED_SOURCE_OR_CANDIDATE_LOCATOR","SOURCE_ENTITY_VERIFIED_BUT_NO_REVIEWED_ARTIFACT_BINDING_RECEIPT","false","false","ovnis.source-reference-adjudication/v1"
"OVART_REF_494b2a50fb53fd9be5966cc3","494b2a50fb53fd9be5966cc397039234a87fe69352990887226ad1981fc51109","https://www.elvocero.com/actualidad/extra/vecinos-alertas-por-chupacabras-en-lares/article_c50946d2-6c9d-11e9-b152-fb61ef1b317c.html","1","PRUAP-0440","none","DISCOVERY_ONLY","","EXTERNAL_EXACT_LOCATOR_UNREGISTERED","EXACT_EXTERNAL_REFERENCE_PRESERVED_SOURCE_IDENTITY_NOT_YET_ADJUDICATED","false","false","ovnis.source-reference-adjudication/v1"
"OVART_REF_d299dac2e567df02a7d869c1","d299dac2e567df02a7d869c18497da94282f86f6e874d1bfaccf816c0942dd14","https://www.esd.whs.mil/FOIA/UFODocs/PR_Vieques_1959.pdf","1","PRUAP-0049","U.S. Navy","DISCOVERY_ONLY","","EXTERNAL_EXACT_LOCATOR_UNREGISTERED","EXACT_EXTERNAL_REFERENCE_PRESERVED_SOURCE_IDENTITY_NOT_YET_ADJUDICATED","false","false","ovnis.source-reference-adjudication/v1"
"OVART_REF_333482f6aba26c9b07ecdf9c","333482f6aba26c9b07ecdf9c9cc1f1c0b932f073afa5a61662643e94f3cae754","https://www.faa.gov/about/office_org/headquarters_offices/ato/foia/","2","PRUAP-0398;PRUAP-0442","FAA","STRICT_BINDING_ELIGIBLE","SRC-0005","EXACT_VERIFIED_SOURCE_LOCATOR","PRIOR_DB_STRICT_EXACT_V1_EVIDENCE_PRESERVED","false","false","ovnis.source-reference-adjudication/v1"
"OVART_REF_78600622e159c6d971ce93ea","78600622e159c6d971ce93ea58acbe5eeadd24d3698be6d9d171098ad54a91e6","https://www.fold3.com/document/267575195/","1","PRUAP-0042","none","NON_BINDING_TERMINAL","","PLATFORM_OR_CUSTODIAL_CARRIER","EXACT_REFERENCE_IDENTIFIES_CARRIER_PLATFORM_NOT_RECORD_PRODUCER","false","true","ovnis.source-reference-adjudication/v1"
"OVART_REF_351e4879074199c32499f309","351e4879074199c32499f3093eb4e4888570a8129ea4f146776c8a8df17d45f4","https://www.fold3.com/image/9316919/1755n-5740w-san-juan-puerto-rico-blank-page-1-us-project-blue-book-ufo-investigations-1947-1969","1","PRUAP-0036","USAF; CBP","NON_BINDING_TERMINAL","","PLATFORM_OR_CUSTODIAL_CARRIER","EXACT_REFERENCE_IDENTIFIES_CARRIER_PLATFORM_NOT_RECORD_PRODUCER","false","true","ovnis.source-reference-adjudication/v1"
"OVART_REF_08db6a0f4665fe06f5eb715f","08db6a0f4665fe06f5eb715f0d0ec62819dd68abefa79ae62e75bba7c71d4830","https://www.fold3.com/image/9316920/1755n-5740w-san-juan-puerto-rico-blank-page-2-us-project-blue-book-ufo-investigations-1947-196","1","PRUAP-0061","USAF","NON_BINDING_TERMINAL","","PLATFORM_OR_CUSTODIAL_CARRIER","EXACT_REFERENCE_IDENTIFIES_CARRIER_PLATFORM_NOT_RECORD_PRODUCER","false","true","ovnis.source-reference-adjudication/v1"
"OVART_REF_bace9ae58fdd4189c7c35dac","bace9ae58fdd4189c7c35dac3eb19f9dbfcf6ffee944db537d168c5cd592c556","https://www.history.com/articles/black-triangle-ufos-facts","1","PRUAP-0085","none","DISCOVERY_ONLY","","EXTERNAL_EXACT_LOCATOR_UNREGISTERED","EXACT_EXTERNAL_REFERENCE_PRESERVED_SOURCE_IDENTITY_NOT_YET_ADJUDICATED","false","false","ovnis.source-reference-adjudication/v1"
"OVART_REF_56698e25702289ba15da5c80","56698e25702289ba15da5c80b6419f2b614ee5718a23cf139b0c1770ee9f2c2f","https://www.history.uscg.mil/Browse-by-Topic/Assets/Water/All/Article/2082085/spencer-1937-wpgwhec-36/#:~:text=Spencer%20was%20cruising%20in%20the,search%20was%20started%20at%20noon","1","PRUAP-0008","USCG","DISCOVERY_ONLY","SRC-0009","VERIFIED_SOURCE_OR_CANDIDATE_LOCATOR","SOURCE_ENTITY_VERIFIED_BUT_NO_REVIEWED_ARTIFACT_BINDING_RECEIPT","false","false","ovnis.source-reference-adjudication/v1"
"OVART_REF_7dfd8cc57d266f85ef446a02","7dfd8cc57d266f85ef446a02e2bd74520f3f093d67626b0b36096326b884d41c","https://www.iheart.com/podcast/1100-the-best-of-coast-to-coas-18899828/episode/unidentified-submerged-objects-best-of-268840062/#:~:text=And%20this%20matters%20because%20he,glowing%20something%20under%20the%20water","1","PRUAP-0210","none","DISCOVERY_ONLY","","EXTERNAL_EXACT_LOCATOR_UNREGISTERED","EXACT_EXTERNAL_REFERENCE_PRESERVED_SOURCE_IDENTITY_NOT_YET_ADJUDICATED","false","false","ovnis.source-reference-adjudication/v1"
"OVART_REF_f3597d0ea4e9c550168f9dee","f3597d0ea4e9c550168f9dee739d4ec523b55a30fc6776e803b3d3c5e34685df","https://www.inexplicata.blogspot.com/2010/08/ufos‑in‑1950s‑caribbean‑crisis‑by‑scott.html","1","PRUAP-0020","none","DISCOVERY_ONLY","SRC-0012","VERIFIED_SOURCE_OR_CANDIDATE_LOCATOR","SOURCE_ENTITY_VERIFIED_BUT_NO_REVIEWED_ARTIFACT_BINDING_RECEIPT","false","false","ovnis.source-reference-adjudication/v1"
"OVART_REF_f1351571ac984054fc37dd60","f1351571ac984054fc37dd60807bb46a5e6eaf1ed81cb938594149f86e844401","https://www.latest-ufo-sightings.net/2024/09/unveiling-puerto-ricos-astonishing-usos-mysteries-beneath-the-waves.html","1","PRUAP-0432","none","DISCOVERY_ONLY","","EXTERNAL_EXACT_LOCATOR_UNREGISTERED","EXACT_EXTERNAL_REFERENCE_PRESERVED_SOURCE_IDENTITY_NOT_YET_ADJUDICATED","false","false","ovnis.source-reference-adjudication/v1"
"OVART_REF_52b1db52716c78a8463fd59f","52b1db52716c78a8463fd59f5305a04b9fc5ef444ceceb1fd05f3411ebcfa4e4","https://www.latinamericanstudies.org/chupacabra/chupacabra.htm","1","PRUAP-0258","none","DISCOVERY_ONLY","","EXTERNAL_EXACT_LOCATOR_UNREGISTERED","EXACT_EXTERNAL_REFERENCE_PRESERVED_SOURCE_IDENTITY_NOT_YET_ADJUDICATED","false","false","ovnis.source-reference-adjudication/v1"
"OVART_REF_08ab850c6f9c0d68d6880043","08ab850c6f9c0d68d6880043baec9cb1769e07e4c8c32253ed46f15ba49fe1d4","https://www.natalijaugrina.com/post/ruta-extraterrestre-puerto-rico-ufo-sightings-lajas","2","PRUAP-0230;PRUAP-0308","none","DISCOVERY_ONLY","","EXTERNAL_EXACT_LOCATOR_UNREGISTERED","EXACT_EXTERNAL_REFERENCE_PRESERVED_SOURCE_IDENTITY_NOT_YET_ADJUDICATED","false","false","ovnis.source-reference-adjudication/v1"
"OVART_REF_14e308bdb37125f9b9857702","14e308bdb37125f9b985770277f5fd5c8994f742f45c9ddcdff6bca68970ae53","https://www.navsource.org/archives/08/08553.htm","1","PRUAP-0133","U.S. Navy","DISCOVERY_ONLY","","EXTERNAL_EXACT_LOCATOR_UNREGISTERED","EXACT_EXTERNAL_REFERENCE_PRESERVED_SOURCE_IDENTITY_NOT_YET_ADJUDICATED","false","false","ovnis.source-reference-adjudication/v1"
"OVART_REF_28213c3b85d194044e09ab38","28213c3b85d194044e09ab3867a23d31491fa2e13b37556a5b35359907094b97","https://www.nicap.org/641120ussgyattdir","1","PRUAP-0071","U.S. Navy","DISCOVERY_ONLY","SRC-0011","VERIFIED_SOURCE_OR_CANDIDATE_LOCATOR","SOURCE_ENTITY_VERIFIED_BUT_NO_REVIEWED_ARTIFACT_BINDING_RECEIPT","false","false","ovnis.source-reference-adjudication/v1"
"OVART_REF_29a20e3765cec1501ebfd2f2","29a20e3765cec1501ebfd2f20f6d4394cb52a316741e3f5cade3744381cd7899","https://www.nicap.org/chronos/1992fullrep","1","PRUAP-0239","none","DISCOVERY_ONLY","SRC-0011","VERIFIED_SOURCE_OR_CANDIDATE_LOCATOR","SOURCE_ENTITY_VERIFIED_BUT_NO_REVIEWED_ARTIFACT_BINDING_RECEIPT","false","false","ovnis.source-reference-adjudication/v1"
"OVART_REF_f7cbe16cb4202e92290eff45","f7cbe16cb4202e92290eff455cc9ceb90fe8031ad30ea0eb63c08f46f4dcd0a2","https://www.nicap.org/chronos/1992fullrep.htm","1","PRUAP-0238","none","DISCOVERY_ONLY","SRC-0011","VERIFIED_SOURCE_OR_CANDIDATE_LOCATOR","SOURCE_ENTITY_VERIFIED_BUT_NO_REVIEWED_ARTIFACT_BINDING_RECEIPT","false","false","ovnis.source-reference-adjudication/v1"
"OVART_REF_2e51cd8171a1e93007ade1dd","2e51cd8171a1e93007ade1dd76ace0ed2cfe0957634fb2f38c2946a065b9dd16","https://www.nicap.org/reports/1965_PuertoRico_Abduction.pdf","1","PRUAP-0076","none","DISCOVERY_ONLY","SRC-0011","VERIFIED_SOURCE_OR_CANDIDATE_LOCATOR","SOURCE_ENTITY_VERIFIED_BUT_NO_REVIEWED_ARTIFACT_BINDING_RECEIPT","false","false","ovnis.source-reference-adjudication/v1"
"OVART_REF_c6926b8e90d8f8c7a482fb75","c6926b8e90d8f8c7a482fb755b4c9e750cffd16abcd495d12d4d630959c263a9","https://www.nicap.org/reports/641120ussgyatt_report.htm","1","PRUAP-0072","U.S. Navy","DISCOVERY_ONLY","SRC-0011","VERIFIED_SOURCE_OR_CANDIDATE_LOCATOR","SOURCE_ENTITY_VERIFIED_BUT_NO_REVIEWED_ARTIFACT_BINDING_RECEIPT","false","false","ovnis.source-reference-adjudication/v1"
"OVART_REF_a513828d7b15b034786444db","a513828d7b15b034786444db61081776c15565193e91f3a751f10f4f1f707810","https://www.nuforc.org/webreports/045/S45678.html","1","PRUAP-0313","none","DISCOVERY_ONLY","SRC-0010","VERIFIED_SOURCE_OR_CANDIDATE_LOCATOR","SOURCE_ENTITY_VERIFIED_BUT_NO_REVIEWED_ARTIFACT_BINDING_RECEIPT","false","false","ovnis.source-reference-adjudication/v1"
"OVART_REF_0df707c544275e6991738994","0df707c544275e6991738994ee660ecb7d0443888d020317809da762517887ea","https://www.popularmechanics.com/military/navy-ships/a33282489/uso-navy-ufo-submerged-object/","1","PRUAP-0168","U.S. Navy","DISCOVERY_ONLY","","EXTERNAL_EXACT_LOCATOR_UNREGISTERED","EXACT_EXTERNAL_REFERENCE_PRESERVED_SOURCE_IDENTITY_NOT_YET_ADJUDICATED","false","false","ovnis.source-reference-adjudication/v1"
"OVART_REF_b210197ed260b33a1d56fe87","b210197ed260b33a1d56fe8768a20f52096dcda4d7eb59a0fcb980d0a8590579","https://www.popularmechanics.com/military/weapons/a29417939/unidentified-submarine-objects/","2","PRUAP-0060;PRUAP-0063","U.S. Navy","DISCOVERY_ONLY","","EXTERNAL_EXACT_LOCATOR_UNREGISTERED","EXACT_EXTERNAL_REFERENCE_PRESERVED_SOURCE_IDENTITY_NOT_YET_ADJUDICATED","false","false","ovnis.source-reference-adjudication/v1"
"OVART_REF_20aec4c11560581010695bfb","20aec4c11560581010695bfb28344652d701947081089c6b7ea0be87c23cd687","https://www.primerahora.com/noticias/puerto-rico/notas/aaro-investiga-ovni-ponce-2024/","1","PRUAP-0451","AARO","DISCOVERY_ONLY","SRC-CAND-0014","VERIFIED_SOURCE_OR_CANDIDATE_LOCATOR","SOURCE_ENTITY_VERIFIED_BUT_NO_REVIEWED_ARTIFACT_BINDING_RECEIPT","false","false","ovnis.source-reference-adjudication/v1"
"OVART_REF_7549a78a52c12da4efb83009","7549a78a52c12da4efb830095986005af80272b0f0509c0e7833a3a9b3e5f547","https://www.primerahora.com/noticias/puerto-rico/notas/baja-el-numero-de-casos-de-avistamientos-en-la-isla/","5","PRUAP-0181;PRUAP-0187;PRUAP-0211;PRUAP-0315;PRUAP-0323","PR Police/FURA;U.S. Navy;USAF;none","DISCOVERY_ONLY","SRC-CAND-0014","VERIFIED_SOURCE_OR_CANDIDATE_LOCATOR","SOURCE_ENTITY_VERIFIED_BUT_NO_REVIEWED_ARTIFACT_BINDING_RECEIPT","false","false","ovnis.source-reference-adjudication/v1"
"OVART_REF_2eaab37926c8f03d3d4693bb","2eaab37926c8f03d3d4693bb5df01619bf534fb885e837f73f3d5eac93e406ed","https://www.primerahora.com/noticias/puerto-rico/notas/crean-la-ruta-extraterrestre-en-lajas/","1","PRUAP-0316","PR Police/FURA","DISCOVERY_ONLY","SRC-CAND-0014","VERIFIED_SOURCE_OR_CANDIDATE_LOCATOR","SOURCE_ENTITY_VERIFIED_BUT_NO_REVIEWED_ARTIFACT_BINDING_RECEIPT","false","false","ovnis.source-reference-adjudication/v1"
"OVART_REF_e308f17862f579da624ffc0c","e308f17862f579da624ffc0cc060b4ba4858fde7bd305c4692c62001165be19b","https://www.primerahora.com/noticias/viral/notas/extraterrestres-visitan-puerto-rico/","1","PRUAP-0467","none","DISCOVERY_ONLY","SRC-CAND-0014","VERIFIED_SOURCE_OR_CANDIDATE_LOCATOR","SOURCE_ENTITY_VERIFIED_BUT_NO_REVIEWED_ARTIFACT_BINDING_RECEIPT","false","false","ovnis.source-reference-adjudication/v1"
"OVART_REF_1160331e37c0642d03296fd9","1160331e37c0642d03296fd9d7100e268d6f06ee5ce17082f989f58d4f1b501f","https://www.princeton.edu/~accion/chupa12.html","1","PRUAP-0117","none","DISCOVERY_ONLY","","EXTERNAL_EXACT_LOCATOR_UNREGISTERED","EXACT_EXTERNAL_REFERENCE_PRESERVED_SOURCE_IDENTITY_NOT_YET_ADJUDICATED","false","false","ovnis.source-reference-adjudication/v1"
"OVART_REF_6fddf9f35cd309bd14816d0c","6fddf9f35cd309bd14816d0cf8f7cdc29fb9218f30a142d5d1e1018cf57447bd","https://www.princeton.edu/~accion/chupa13","1","PRUAP-0257","none","DISCOVERY_ONLY","","EXTERNAL_EXACT_LOCATOR_UNREGISTERED","EXACT_EXTERNAL_REFERENCE_PRESERVED_SOURCE_IDENTITY_NOT_YET_ADJUDICATED","false","false","ovnis.source-reference-adjudication/v1"
"OVART_REF_aaf063eeabd7b543c7dea7af","aaf063eeabd7b543c7dea7af11688ec911af476813ed3a129a3f0b4ff80570db","https://www.princeton.edu/~accion/chupa9.html","6","PRUAP-0260;PRUAP-0261;PRUAP-0262;PRUAP-0263;PRUAP-0264;PRUAP-0265","none","DISCOVERY_ONLY","","EXTERNAL_EXACT_LOCATOR_UNREGISTERED","EXACT_EXTERNAL_REFERENCE_PRESERVED_SOURCE_IDENTITY_NOT_YET_ADJUDICATED","false","false","ovnis.source-reference-adjudication/v1"
"OVART_REF_bd9f069a58cb6e0c1feeb80b","bd9f069a58cb6e0c1feeb80be81e72edb174b04f5ef0fb37e5e497cfe5a8ec18","https://www.project1947.com/47cats/usnavydraft2","9","PRUAP-0041;PRUAP-0068;PRUAP-0069;PRUAP-0070;PRUAP-0081;PRUAP-0099;PRUAP-0140;PRUAP-0166;PRUAP-0177","U.S. Navy;USAF; U.S. Navy","DISCOVERY_ONLY","SRC-CAND-0006","VERIFIED_SOURCE_OR_CANDIDATE_LOCATOR","SOURCE_ENTITY_VERIFIED_BUT_NO_REVIEWED_ARTIFACT_BINDING_RECEIPT","false","false","ovnis.source-reference-adjudication/v1"
"OVART_REF_f91b7dd113d3d9c72e55baf2","f91b7dd113d3d9c72e55baf21fde51ea60289561069f898f71981732ee80b63a","https://www.reddit.com/r/ufo/comments/1d6xefk/investigation_team_traveling_to_puerto_rico_to/","1","PRUAP-0329","none","NON_BINDING_TERMINAL","","PLATFORM_OR_CUSTODIAL_CARRIER","EXACT_REFERENCE_IDENTIFIES_CARRIER_PLATFORM_NOT_RECORD_PRODUCER","false","true","ovnis.source-reference-adjudication/v1"
"OVART_REF_0d9e6ec75c01608a0e06f7c8","0d9e6ec75c01608a0e06f7c8b6f2e52e11ad7145909646d49d15d310097913a7","https://www.researchgate.net/profile/Mark-Carlotto/publication/228795804_Anomalous_Phenomena_in_Space_Shuttle_Mission_STS-80_Video/links/563b4d6c08ae45b5d2865635/Anomalous-Phenomena-in-Space-Shuttle-Mission-STS-80-Video.pdf?origin=publication_detail&_tp=eyJjb250ZXh0Ijp7ImZpcnN0UGFnZSI6InB1YmxpY2F0aW9uIiwicGFnZSI6InB1YmxpY2F0aW9uRG93bmxvYWQiLCJwcmV2aW91c1BhZ2UiOiJwdWJsaWNhdGlvbiJ9fQ","1","PRUAP-0266","NASA","NON_BINDING_TERMINAL","","PLATFORM_OR_CUSTODIAL_CARRIER","EXACT_REFERENCE_IDENTIFIES_CARRIER_PLATFORM_NOT_RECORD_PRODUCER","false","true","ovnis.source-reference-adjudication/v1"
"OVART_REF_1b20cc59a723eb807c1c5258","1b20cc59a723eb807c1c5258680e072f6485b7ecd2f0cdb49e647c2d398b0c2f","https://www.researchgate.net/publication/389673589_UAP_Indications_Analysis_1945-1975_United_States_Atomic_Warfare_Complex/fulltext/67cc032fe62c604a0dd64fac/UAP-Indications-Analysis-1945-1975-United-States-Atomic-Warfare-Complex.pdf","5","PRUAP-0022;PRUAP-0047;PRUAP-0064;PRUAP-0073;PRUAP-0086","U.S. Navy;U.S. Navy; FAA","NON_BINDING_TERMINAL","","PLATFORM_OR_CUSTODIAL_CARRIER","EXACT_REFERENCE_IDENTIFIES_CARRIER_PLATFORM_NOT_RECORD_PRODUCER","false","true","ovnis.source-reference-adjudication/v1"
"OVART_REF_23539f084288ca49cd6d7eae","23539f084288ca49cd6d7eaee136c00b36587b21fbf7bde2513b5d4a83ea70ec","https://www.sacred-texts.com/ufo/ufoantig.htm","1","PRUAP-0074","USAF; U.S. Navy","DISCOVERY_ONLY","","EXTERNAL_EXACT_LOCATOR_UNREGISTERED","EXACT_EXTERNAL_REFERENCE_PRESERVED_SOURCE_IDENTITY_NOT_YET_ADJUDICATED","false","false","ovnis.source-reference-adjudication/v1"
"OVART_REF_3c7aa72a81f694bc4b8b98bf","3c7aa72a81f694bc4b8b98bfc118a70dbbaf27c6ba9c350b23427773581ae020","https://www.scribd.com/doc/251572168/INEXPLICATA-UFOs-in-Latin-America-and-Spain","2","PRUAP-0013;PRUAP-0114","none","NON_BINDING_TERMINAL","","PLATFORM_OR_CUSTODIAL_CARRIER","EXACT_REFERENCE_IDENTIFIES_CARRIER_PLATFORM_NOT_RECORD_PRODUCER","false","true","ovnis.source-reference-adjudication/v1"
"OVART_REF_190c213722cfd8c6719a6c3d","190c213722cfd8c6719a6c3d12067b14d23ae184d3fc5bd1c82f643bf6300575","https://www.scribd.com/document/75247421/What-is-Going-on-in-Puerto-Rico","11","PRUAP-0183;PRUAP-0189;PRUAP-0203;PRUAP-0222;PRUAP-0237;PRUAP-0245;PRUAP-0307;PRUAP-0325;PRUAP-0403;PRUAP-0412;PRUAP-0430","PR Police/FURA;U.S. Navy;none","NON_BINDING_TERMINAL","","PLATFORM_OR_CUSTODIAL_CARRIER","EXACT_REFERENCE_IDENTIFIES_CARRIER_PLATFORM_NOT_RECORD_PRODUCER","false","true","ovnis.source-reference-adjudication/v1"
"OVART_REF_9500c4eb0aef0f591fe8091c","9500c4eb0aef0f591fe8091cc54835ecf45613cc473335ab8300765e58dba40e","https://www.seti.org/pr-arecibo-1971-anomaly","1","PRUAP-0093","none","DISCOVERY_ONLY","SRC-CAND-0012","VERIFIED_SOURCE_OR_CANDIDATE_LOCATOR","SOURCE_ENTITY_VERIFIED_BUT_NO_REVIEWED_ARTIFACT_BINDING_RECEIPT","false","false","ovnis.source-reference-adjudication/v1"
"OVART_REF_74c89b19ec6d5ec82fc5b719","74c89b19ec6d5ec82fc5b7190c61d1a62ee86e776a3cfece671f5609ce1c15e8","https://www.seti.org/pr-arecibo-1983-signal","1","PRUAP-0179","none","DISCOVERY_ONLY","SRC-CAND-0012","VERIFIED_SOURCE_OR_CANDIDATE_LOCATOR","SOURCE_ENTITY_VERIFIED_BUT_NO_REVIEWED_ARTIFACT_BINDING_RECEIPT","false","false","ovnis.source-reference-adjudication/v1"
"OVART_REF_b85bac9a3c64a244f751caee","b85bac9a3c64a244f751caee6edacba58b1022032adfa7cebfaa75e9e59fcff8","https://www.seti.org/sites/default/files/2021-12/PR_Arecibo_1986.pdf","1","PRUAP-0188","none","DISCOVERY_ONLY","SRC-CAND-0012","VERIFIED_SOURCE_OR_CANDIDATE_LOCATOR","SOURCE_ENTITY_VERIFIED_BUT_NO_REVIEWED_ARTIFACT_BINDING_RECEIPT","false","false","ovnis.source-reference-adjudication/v1"
"OVART_REF_1470afd500c10893947feaad","1470afd500c10893947feaadc0a70aaeb35db7afb41979f2156459159b11ae96","https://www.telemundopr.com/noticias/puerto-rico/hallan-muertas-a-varias-aves-en-barceloneta/1882623/","1","PRUAP-0439","none","DISCOVERY_ONLY","SRC-CAND-0015","VERIFIED_SOURCE_OR_CANDIDATE_LOCATOR","SOURCE_ENTITY_VERIFIED_BUT_NO_REVIEWED_ARTIFACT_BINDING_RECEIPT","false","false","ovnis.source-reference-adjudication/v1"
"OVART_REF_644ca1250d40253cdb62fbdd","644ca1250d40253cdb62fbdd7e2027e501a3cd6c0383113b12d922517e544f8e","https://www.telemundopr.com/noticias/puerto-rico/video-captura-objeto-no-identificado-aguadilla/2632521/","1","PRUAP-0456","none","DISCOVERY_ONLY","SRC-CAND-0015","VERIFIED_SOURCE_OR_CANDIDATE_LOCATOR","SOURCE_ENTITY_VERIFIED_BUT_NO_REVIEWED_ARTIFACT_BINDING_RECEIPT","false","false","ovnis.source-reference-adjudication/v1"
"OVART_REF_e2904196367131e1882775ae","e2904196367131e1882775aefcabc36acc751c60ccc0914d3c70e7582101cb12","https://www.theblackvault.com/casefiles/alien-encounter-in-aguada-puerto-rico/","2","PRUAP-0330;PRUAP-0376","none","DISCOVERY_ONLY","SRC-CAND-0013","VERIFIED_SOURCE_OR_CANDIDATE_LOCATOR","SOURCE_ENTITY_VERIFIED_BUT_NO_REVIEWED_ARTIFACT_BINDING_RECEIPT","false","false","ovnis.source-reference-adjudication/v1"
"OVART_REF_764de59b404c8cd3c4aebbd1","764de59b404c8cd3c4aebbd13e8eeddae58cfd00129542c7dcc604e60827b85c","https://www.theblackvault.com/documentarchive/ufo-aguadilla-puerto-rico-2013/","1","PRUAP-0423","CBP; AARO","DISCOVERY_ONLY","SRC-CAND-0013","VERIFIED_SOURCE_OR_CANDIDATE_LOCATOR","SOURCE_ENTITY_VERIFIED_BUT_NO_REVIEWED_ARTIFACT_BINDING_RECEIPT","false","false","ovnis.source-reference-adjudication/v1"
"OVART_REF_5f9b863d14260476d5b3b39a","5f9b863d14260476d5b3b39af675c3ccaa278c561659406d2a805269dc49a349","https://www.thecosmicswitchboard.com/2016/10/07/alien-ufo-encounters-vieques-island/","1","PRUAP-0092","U.S. Navy","DISCOVERY_ONLY","","EXTERNAL_EXACT_LOCATOR_UNREGISTERED","EXACT_EXTERNAL_REFERENCE_PRESERVED_SOURCE_IDENTITY_NOT_YET_ADJUDICATED","false","false","ovnis.source-reference-adjudication/v1"
"OVART_REF_0c68a66c5a2cb99256ea1b3c","0c68a66c5a2cb99256ea1b3caa29a8f6eb79c417b005cd532b2a421d4982b88f","https://www.theufochronicles.com/2006/02/summary-of-ufo-cases-in-puerto-rico.html","8","PRUAP-0332;PRUAP-0334;PRUAP-0336;PRUAP-0337;PRUAP-0340;PRUAP-0341;PRUAP-0343;PRUAP-0346","USAF;none","DISCOVERY_ONLY","SRC-CAND-0008","VERIFIED_SOURCE_OR_CANDIDATE_LOCATOR","SOURCE_ENTITY_VERIFIED_BUT_NO_REVIEWED_ARTIFACT_BINDING_RECEIPT","false","false","ovnis.source-reference-adjudication/v1"
"OVART_REF_809ced3832e1eba2cda1fe9f","809ced3832e1eba2cda1fe9f223a827eb410c72d7bc68a0781bef20e96f328c4","https://www.thinkaboutitdocs.com/1967-april-ufo-alien-sightings/","1","PRUAP-0077","none","DISCOVERY_ONLY","SRC-CAND-0002","VERIFIED_SOURCE_OR_CANDIDATE_LOCATOR","SOURCE_ENTITY_VERIFIED_BUT_NO_REVIEWED_ARTIFACT_BINDING_RECEIPT","false","false","ovnis.source-reference-adjudication/v1"
"OVART_REF_93cdc077cbf6872989e89558","93cdc077cbf6872989e89558d48c5b9f36c284888a6a669fefd7d6c30478f759","https://www.thinkaboutitdocs.com/1977-two-ufos-enter-emerge-ocean-mayaquez-puerto-rico/","1","PRUAP-0153","none","DISCOVERY_ONLY","SRC-CAND-0002","VERIFIED_SOURCE_OR_CANDIDATE_LOCATOR","SOURCE_ENTITY_VERIFIED_BUT_NO_REVIEWED_ARTIFACT_BINDING_RECEIPT","false","false","ovnis.source-reference-adjudication/v1"
"OVART_REF_6aab0e836a0256c4dd60eb88","6aab0e836a0256c4dd60eb88640126430a765bcfac576eca976f8c48925e179f","https://www.thinkaboutitdocs.com/1977-two-ufos-enter-emerge-ocean-mayaquez-puerto-rico/#:~:text=Source%3A%20http%3A%2F%2Fwww","1","PRUAP-0148","none","DISCOVERY_ONLY","SRC-CAND-0002","VERIFIED_SOURCE_OR_CANDIDATE_LOCATOR","SOURCE_ENTITY_VERIFIED_BUT_NO_REVIEWED_ARTIFACT_BINDING_RECEIPT","false","false","ovnis.source-reference-adjudication/v1"
"OVART_REF_6204359fc0deec719ea5bf39","6204359fc0deec719ea5bf392e63684098f9c8403ee1eb12130f97b2a7e0715a","https://www.thinkaboutitdocs.com/1979-bayamon-puerto-rico-encounter/#:~:text=Number%20of%20Witnesses%3A%202","1","PRUAP-0157","none","DISCOVERY_ONLY","SRC-CAND-0002","VERIFIED_SOURCE_OR_CANDIDATE_LOCATOR","SOURCE_ENTITY_VERIFIED_BUT_NO_REVIEWED_ARTIFACT_BINDING_RECEIPT","false","false","ovnis.source-reference-adjudication/v1"
"OVART_REF_f6e7a213feac8763170a4f05","f6e7a213feac8763170a4f059691b8e125942b064e354ce03d1dcb94e5ea1321","https://www.thinkaboutitdocs.com/1989-el-yunque-sighting/","1","PRUAP-0213","none","DISCOVERY_ONLY","SRC-CAND-0002","VERIFIED_SOURCE_OR_CANDIDATE_LOCATOR","SOURCE_ENTITY_VERIFIED_BUT_NO_REVIEWED_ARTIFACT_BINDING_RECEIPT","false","false","ovnis.source-reference-adjudication/v1"
"OVART_REF_6ed348d3569e386e7e452c7b","6ed348d3569e386e7e452c7b510fb46c6cfbaccb1e538f5a9e470a0c6e9f8df5","https://www.thinkaboutitdocs.com/large-object-with-lights-photographed-by-police-officer-seen-by-hundreds/","1","PRUAP-0165","U.S. Navy; PR Police/FURA","DISCOVERY_ONLY","SRC-CAND-0002","VERIFIED_SOURCE_OR_CANDIDATE_LOCATOR","SOURCE_ENTITY_VERIFIED_BUT_NO_REVIEWED_ARTIFACT_BINDING_RECEIPT","false","false","ovnis.source-reference-adjudication/v1"
"OVART_REF_1d61c2fe50ec5ae53c116f75","1d61c2fe50ec5ae53c116f757e224316da361c990b26650eb16e4e802791c887","https://www.ufo-hunters.com/sightings/search/5195fef50ad2e4e00ea4b39a/UFO%20Sighting%20in%20Guanica,%20Puerto%20Rico%20on%20Sunday%2006%20January%202019","1","PRUAP-0441","none","DISCOVERY_ONLY","","EXTERNAL_EXACT_LOCATOR_UNREGISTERED","EXACT_EXTERNAL_REFERENCE_PRESERVED_SOURCE_IDENTITY_NOT_YET_ADJUDICATED","false","false","ovnis.source-reference-adjudication/v1"
"OVART_REF_9df85a476e977ab6cfada10b","9df85a476e977ab6cfada10b5566bea91d79766d4d38840989491d5afe233ede","https://www.ufocasebook.com/lajaspuertorico.html","1","PRUAP-0270","USCG","DISCOVERY_ONLY","SRC-CAND-0007","VERIFIED_SOURCE_OR_CANDIDATE_LOCATOR","SOURCE_ENTITY_VERIFIED_BUT_NO_REVIEWED_ARTIFACT_BINDING_RECEIPT","false","false","ovnis.source-reference-adjudication/v1"
"OVART_REF_b160ffbe62d1d9c1e30fa91d","b160ffbe62d1d9c1e30fa91d43b0a1b22f4549df4aea8fb63209cf1a47a55ad2","https://www.ufocasebook.com/puertoricanalien.html","3","PRUAP-0158;PRUAP-0174;PRUAP-0224","none","DISCOVERY_ONLY","SRC-CAND-0007","VERIFIED_SOURCE_OR_CANDIDATE_LOCATOR","SOURCE_ENTITY_VERIFIED_BUT_NO_REVIEWED_ARTIFACT_BINDING_RECEIPT","false","false","ovnis.source-reference-adjudication/v1"
"OVART_REF_b04e5a01e94c0ac95b2dd00f","b04e5a01e94c0ac95b2dd00f5496f562794378c44fca0945f49f3703c79d50ee","https://www.ufodigest.com/article/puerto-rico-ufo-flap-part-1/","2","PRUAP-0229;PRUAP-0272","none","DISCOVERY_ONLY","","EXTERNAL_EXACT_LOCATOR_UNREGISTERED","EXACT_EXTERNAL_REFERENCE_PRESERVED_SOURCE_IDENTITY_NOT_YET_ADJUDICATED","false","false","ovnis.source-reference-adjudication/v1"
"OVART_REF_a38c4e0000b5b3fd5fb2d189","a38c4e0000b5b3fd5fb2d1897ae27ea13bcfd0c15788e708eb53d76e09a50fa1","https://www.ufoevidence.org/cases/case1119.htm","1","PRUAP-0309","none","DISCOVERY_ONLY","","EXTERNAL_EXACT_LOCATOR_UNREGISTERED","EXACT_EXTERNAL_REFERENCE_PRESERVED_SOURCE_IDENTITY_NOT_YET_ADJUDICATED","false","false","ovnis.source-reference-adjudication/v1"
"OVART_REF_dc5a2f74eef4e6789f98158b","dc5a2f74eef4e6789f98158bc4beb3c6376f68725da4d6d7b2857bf9d9739416","https://www.ufoevidence.org/cases/case861.htm","1","PRUAP-0202","U.S. Navy","DISCOVERY_ONLY","","EXTERNAL_EXACT_LOCATOR_UNREGISTERED","EXACT_EXTERNAL_REFERENCE_PRESERVED_SOURCE_IDENTITY_NOT_YET_ADJUDICATED","false","false","ovnis.source-reference-adjudication/v1"
"OVART_REF_3e6893c50f0ff2bdf28f4fdc","3e6893c50f0ff2bdf28f4fdc5e558577c5061c298ed6ee27243aa7a90f19dc53","https://www.ufoinfo.com/humanoid/humanoid1968.shtml","1","PRUAP-0084","none","DISCOVERY_ONLY","","EXTERNAL_EXACT_LOCATOR_UNREGISTERED","EXACT_EXTERNAL_REFERENCE_PRESERVED_SOURCE_IDENTITY_NOT_YET_ADJUDICATED","false","false","ovnis.source-reference-adjudication/v1"
"OVART_REF_23f32efc97483f85061e9f01","23f32efc97483f85061e9f010f4b48d0abbac537605af84ffc57dc5fed78d5dd","https://www.ufoinfo.com/humanoid/humanoid1977.shtml","1","PRUAP-0145","none","DISCOVERY_ONLY","","EXTERNAL_EXACT_LOCATOR_UNREGISTERED","EXACT_EXTERNAL_REFERENCE_PRESERVED_SOURCE_IDENTITY_NOT_YET_ADJUDICATED","false","false","ovnis.source-reference-adjudication/v1"
"OVART_REF_f0ad497addb8aa65695b17a4","f0ad497addb8aa65695b17a47b1819238f755cbdecd3d41956afbd33d78fa025","https://www.ufostalker.com/sighting/34345","1","PRUAP-0409","none","DISCOVERY_ONLY","","EXTERNAL_EXACT_LOCATOR_UNREGISTERED","EXACT_EXTERNAL_REFERENCE_PRESERVED_SOURCE_IDENTITY_NOT_YET_ADJUDICATED","false","false","ovnis.source-reference-adjudication/v1"
"OVART_REF_9d4c9fb497b86d7557c419ce","9d4c9fb497b86d7557c419cea8657e30c2e40e6d120e95ee0adee8d540467e68","https://www.unexplained-mysteries.com/forum/topic/239905-the-disappearance-of-flight-n3808h/","1","PRUAP-0171","none","DISCOVERY_ONLY","","EXTERNAL_EXACT_LOCATOR_UNREGISTERED","EXACT_EXTERNAL_REFERENCE_PRESERVED_SOURCE_IDENTITY_NOT_YET_ADJUDICATED","false","false","ovnis.source-reference-adjudication/v1"
"OVART_REF_2f193b46dadf2191b2f09a52","2f193b46dadf2191b2f09a526fbdf1ff751b60495a2c4d5c3b12b7dde5eb99ff","https://www.uscg.mil/foia/PR_CaboRojo_1972","1","PRUAP-0095","USCG","DISCOVERY_ONLY","SRC-0009","VERIFIED_SOURCE_OR_CANDIDATE_LOCATOR","SOURCE_ENTITY_VERIFIED_BUT_NO_REVIEWED_ARTIFACT_BINDING_RECEIPT","false","false","ovnis.source-reference-adjudication/v1"
"OVART_REF_f82aa9e6b3b98b8c3ca8f443","f82aa9e6b3b98b8c3ca8f4431163caa32708a51f3756062c6e275f74b6984343","https://www.uscg.mil/foia/readingroom/logs/1988_CaboRojo_UAP.pdf","1","PRUAP-0200","USCG","DISCOVERY_ONLY","SRC-0009","VERIFIED_SOURCE_OR_CANDIDATE_LOCATOR","SOURCE_ENTITY_VERIFIED_BUT_NO_REVIEWED_ARTIFACT_BINDING_RECEIPT","false","false","ovnis.source-reference-adjudication/v1"
"OVART_REF_5b589927c842a7ca060af2d1","5b589927c842a7ca060af2d1e56bb95c4ab71d95b604007692a49492728b874c","https://www.vidadeextraterrestres.com/2021/07/el-misterioso-encuentro-en-sierra.html","1","PRUAP-0197","none","DISCOVERY_ONLY","","EXTERNAL_EXACT_LOCATOR_UNREGISTERED","EXACT_EXTERNAL_REFERENCE_PRESERVED_SOURCE_IDENTITY_NOT_YET_ADJUDICATED","false","false","ovnis.source-reference-adjudication/v1"
"OVART_REF_f85532f0514320be51b2ccb7","f85532f0514320be51b2ccb7b94c0c9c9a88fa6f19bf49629de0d9164c3e7da1","https://www.war.gov/medialink/ufo/release_1/65_hs1-834228961_62-hq-83894_section_7.pdf","1","PRUAP-0033","USAF; U.S. Army","DISCOVERY_ONLY","","EXTERNAL_EXACT_LOCATOR_UNREGISTERED","EXACT_EXTERNAL_REFERENCE_PRESERVED_SOURCE_IDENTITY_NOT_YET_ADJUDICATED","false","false","ovnis.source-reference-adjudication/v1"
"OVART_REF_bf9a4a140dd2e97a21387da3","bf9a4a140dd2e97a21387da3f1c7cb2e674ea6a8c7cb8e33c6904e8ccd415ada","https://x.com/528vibes/status/1856747636809613653","1","PRUAP-0454","none","NON_BINDING_TERMINAL","","PLATFORM_OR_CUSTODIAL_CARRIER","EXACT_REFERENCE_IDENTIFIES_CARRIER_PLATFORM_NOT_RECORD_PRODUCER","false","true","ovnis.source-reference-adjudication/v1"
"OVART_REF_827a6ec8456036bd074ad685","827a6ec8456036bd074ad6853094bd1228ef587145b747f3fc9cf8c179fbc00f","https://x.com/juancpedreira/status/1734320021973688744","1","PRUAP-0450","none","NON_BINDING_TERMINAL","","PLATFORM_OR_CUSTODIAL_CARRIER","EXACT_REFERENCE_IDENTIFIES_CARRIER_PLATFORM_NOT_RECORD_PRODUCER","false","true","ovnis.source-reference-adjudication/v1"
"OVART_REF_78a22a9d56177f51c2892219","78a22a9d56177f51c2892219254ec97b18f906ebbce56fe575c96d22b66e5241","https://x.com/loganpaul/status/1996725934360023496","1","PRUAP-0470","none","NON_BINDING_TERMINAL","","PLATFORM_OR_CUSTODIAL_CARRIER","EXACT_REFERENCE_IDENTIFIES_CARRIER_PLATFORM_NOT_RECORD_PRODUCER","false","true","ovnis.source-reference-adjudication/v1"
"OVART_REF_769ab56dbbee62e8e21ac110","769ab56dbbee62e8e21ac110fe83d1c44f619a7f2866d3160dc0983d31bd0383","https://x.com/ovnisboricuas/status/1933182697159245890?s=46&t=Pj6xdPMtucw3htgMZQnj8g","1","PRUAP-0455","none","NON_BINDING_TERMINAL","","PLATFORM_OR_CUSTODIAL_CARRIER","EXACT_REFERENCE_IDENTIFIES_CARRIER_PLATFORM_NOT_RECORD_PRODUCER","false","true","ovnis.source-reference-adjudication/v1"
"OVART_REF_43b85563c9c8cd9b0cb14181","43b85563c9c8cd9b0cb14181d0553b42c1f3b0acdd8e836f16ab56879820b2e5","https://x.com/Truthpolex/status/1876747636809613653","1","PRUAP-0465","none","NON_BINDING_TERMINAL","","PLATFORM_OR_CUSTODIAL_CARRIER","EXACT_REFERENCE_IDENTIFIES_CARRIER_PLATFORM_NOT_RECORD_PRODUCER","false","true","ovnis.source-reference-adjudication/v1"
"OVART_REF_b41ed3b77e945930f10e7b9b","b41ed3b77e945930f10e7b9bad9dbda2e702fd19394c8651175c09d07350344d","https://x.com/waffohs/status/1671248250643574784?s=46&t=Pj6xdPMtucw3htgMZQnj8g","1","PRUAP-0448","none","NON_BINDING_TERMINAL","","PLATFORM_OR_CUSTODIAL_CARRIER","EXACT_REFERENCE_IDENTIFIES_CARRIER_PLATFORM_NOT_RECORD_PRODUCER","false","true","ovnis.source-reference-adjudication/v1"
"OVART_REF_b9cebdd093731c8677ad3527","b9cebdd093731c8677ad3527aee6086c84f606e9606fa516b3b1d9341821a553","https://x.com/WorldNews_X_/status/1758514152286790127","1","PRUAP-0452","none","NON_BINDING_TERMINAL","","PLATFORM_OR_CUSTODIAL_CARRIER","EXACT_REFERENCE_IDENTIFIES_CARRIER_PLATFORM_NOT_RECORD_PRODUCER","false","true","ovnis.source-reference-adjudication/v1"
"OVART_REF_f86ffa07140819bb8ea4f571","f86ffa07140819bb8ea4f5713fb5ab68fb0be69ae656da286e5fa121d854e08e","https://youtu.be/1RrOT-nA7a8?si=QphCdUCd09VQLhpm","1","PRUAP-0381","none","NON_BINDING_TERMINAL","","PLATFORM_OR_CUSTODIAL_CARRIER","EXACT_REFERENCE_IDENTIFIES_CARRIER_PLATFORM_NOT_RECORD_PRODUCER","false","true","ovnis.source-reference-adjudication/v1"
"OVART_REF_dda4f45edea01560b6ba09da","dda4f45edea01560b6ba09dafc970c07b6e9147ba943e44e45acfe27e23d9823","https://youtu.be/EkDBOOE2qXk?si=J7W2PzBJeIF1QPpW","1","PRUAP-0129","none","NON_BINDING_TERMINAL","","PLATFORM_OR_CUSTODIAL_CARRIER","EXACT_REFERENCE_IDENTIFIES_CARRIER_PLATFORM_NOT_RECORD_PRODUCER","false","true","ovnis.source-reference-adjudication/v1"
"OVART_REF_aea9d04ea74f3b3ca6cda8aa","aea9d04ea74f3b3ca6cda8aa382e8b9ce38d6382a237d3e1a48c9519dd2fddf3","https://youtu.be/Jg46MoNnm9I","1","PRUAP-0427","none","NON_BINDING_TERMINAL","","PLATFORM_OR_CUSTODIAL_CARRIER","EXACT_REFERENCE_IDENTIFIES_CARRIER_PLATFORM_NOT_RECORD_PRODUCER","false","true","ovnis.source-reference-adjudication/v1"
"OVART_REF_ee7149de8aefca4bb91915d9","ee7149de8aefca4bb91915d938c23819cc0a9e65e36e60c9a8232c81795ee1af","Inexplicata/ARGUS-PR/José A. Martínez","1","PRUAP-0374","none","DISCOVERY_ONLY","SRC-0012","SECONDARY_ARCHIVE_WITH_NAMED_CONTRIBUTORS","INEXPLICATA_IDENTITY_VERIFIED_CONTRIBUTORS_PRESERVED_SEPARATELY","false","false","ovnis.source-reference-adjudication/v1"
"OVART_REF_7ca9c878ba0bd425e1e3127c","7ca9c878ba0bd425e1e3127c3c58bf6c29e4cbe3aa3ce0938a21f12297c114ce","Inexplicata/CEOVNI","6","PRUAP-0079;PRUAP-0097;PRUAP-0119;PRUAP-0122;PRUAP-0123;PRUAP-0132","PR Police/FURA;none","REVIEW_TIE","SRC-0012;SRC-CAND-0003","COMPOSITE_ARCHIVE_RESEARCH_LINEAGE","EXACT_REFERENCE_ENCODES_MULTIPLE_SOURCE_ROLES","false","false","ovnis.source-reference-adjudication/v1"
"OVART_REF_2fdae42b87650400e2e2a9b5","2fdae42b87650400e2e2a9b525877bc7ed66245d76bbd26998d662d6de4ef4b0","Inexplicata/IHU","15","PRUAP-0027;PRUAP-0102;PRUAP-0105;PRUAP-0109;PRUAP-0190;PRUAP-0193;PRUAP-0204;PRUAP-0209;PRUAP-0218;PRUAP-0227;PRUAP-0234;PRUAP-0236;PRUAP-0241;PRUAP-0256;PRUAP-0267","PR Police/FURA;U.S. Navy;none","DISCOVERY_ONLY","SRC-0012","SECONDARY_ARCHIVE_WITH_NAMED_CONTRIBUTORS","INEXPLICATA_IDENTITY_VERIFIED_CONTRIBUTORS_PRESERVED_SEPARATELY","false","false","ovnis.source-reference-adjudication/v1"
"OVART_REF_3d4de34f12eac75ebd0011b0","3d4de34f12eac75ebd0011b03f8ecc67ce11a6c37150632fff2c0564fd3b06f7","Inexplicata/José A. Martínez/Enfoque X","1","PRUAP-0406","PR_law_enforcement","DISCOVERY_ONLY","SRC-0012","SECONDARY_ARCHIVE_WITH_NAMED_CONTRIBUTORS","INEXPLICATA_IDENTITY_VERIFIED_CONTRIBUTORS_PRESERVED_SEPARATELY","false","false","ovnis.source-reference-adjudication/v1"
"OVART_REF_c2e67cc869d3295f2a39c72c","c2e67cc869d3295f2a39c72c1c916a69ff4e1d0e4cb9962d349f0f52dc3ecc39","Inexplicata/Lucy Guzmán/Ovni.Net","17","PRUAP-0318;PRUAP-0331;PRUAP-0333;PRUAP-0335;PRUAP-0338;PRUAP-0339;PRUAP-0342;PRUAP-0344;PRUAP-0345;PRUAP-0351;PRUAP-0355;PRUAP-0356;PRUAP-0361;PRUAP-0364;PRUAP-0366;PRUAP-0368;PRUAP-0369","NASA;US_military;federal_civilian;none","DISCOVERY_ONLY","SRC-0012","SECONDARY_ARCHIVE_WITH_NAMED_CONTRIBUTORS","INEXPLICATA_IDENTITY_VERIFIED_CONTRIBUTORS_PRESERVED_SEPARATELY","false","false","ovnis.source-reference-adjudication/v1"
"OVART_REF_8b36644b33abea0250891102","8b36644b33abea02508911027078ba14a938aaa2febd1c5cd60e240382d28e59","Inexplicata/OVNI.net","8","PRUAP-0352;PRUAP-0354;PRUAP-0358;PRUAP-0360;PRUAP-0363;PRUAP-0365;PRUAP-0367;PRUAP-0370","none","DISCOVERY_ONLY","SRC-0012","SECONDARY_ARCHIVE_WITH_NAMED_CONTRIBUTORS","INEXPLICATA_IDENTITY_VERIFIED_CONTRIBUTORS_PRESERVED_SEPARATELY","false","false","ovnis.source-reference-adjudication/v1"
"OVART_REF_0112fd13e891df33fb3ae07d","0112fd13e891df33fb3ae07d13af76f813ebff955b7578af36f805df2dd7bf7a","Inexplicata/PRMUFON","2","PRUAP-0380;PRUAP-0390","none","REVIEW_TIE","SRC-0012;SRC-CAND-0005","COMPOSITE_ARCHIVE_RESEARCH_LINEAGE","EXACT_REFERENCE_ENCODES_MULTIPLE_SOURCE_ROLES","false","false","ovnis.source-reference-adjudication/v1"
"OVART_REF_f940b286fa84aee574c0b069","f940b286fa84aee574c0b069b4a8f21e0aa717c7ea28e9e26eb2c87286cb612f","Inexplicata/Scott Corrales","10","PRUAP-0010;PRUAP-0046;PRUAP-0080;PRUAP-0083;PRUAP-0130;PRUAP-0149;PRUAP-0216;PRUAP-0217;PRUAP-0231;PRUAP-0235","none","DISCOVERY_ONLY","SRC-0012","SECONDARY_ARCHIVE_WITH_NAMED_CONTRIBUTORS","INEXPLICATA_IDENTITY_VERIFIED_CONTRIBUTORS_PRESERVED_SEPARATELY","false","false","ovnis.source-reference-adjudication/v1"
"OVART_REF_b9c4cd9a6d51005cfa670e79","b9c4cd9a6d51005cfa670e7983c906c692c0c73d89a0337e3ae1f378d0b21aed","Inexplicata/Scott Corrales/CEOVNI","5","PRUAP-0096;PRUAP-0115;PRUAP-0126;PRUAP-0127;PRUAP-0131","PR_law_enforcement;none","REVIEW_TIE","SRC-0012;SRC-CAND-0003","COMPOSITE_ARCHIVE_RESEARCH_LINEAGE","EXACT_REFERENCE_ENCODES_MULTIPLE_SOURCE_ROLES","false","false","ovnis.source-reference-adjudication/v1"
"OVART_REF_30d228d6a0182f0fc972bdc9","30d228d6a0182f0fc972bdc9e1dd445139e827cdd244a50c593a1174b6ec6031","Inexplicata/Scott Corrales/Freixedo","1","PRUAP-0002","none","DISCOVERY_ONLY","SRC-0012","SECONDARY_ARCHIVE_WITH_NAMED_CONTRIBUTORS","INEXPLICATA_IDENTITY_VERIFIED_CONTRIBUTORS_PRESERVED_SEPARATELY","false","false","ovnis.source-reference-adjudication/v1"
"OVART_REF_951b0ec6f03baef39008582c","951b0ec6f03baef39008582c436e13ce10a8f71dc739da5f350f431f21d57b7a","Inexplicata/Scott Corrales/Ivan Sanderson","1","PRUAP-0062","US_military+federal_civilian","DISCOVERY_ONLY","SRC-0012","SECONDARY_ARCHIVE_WITH_NAMED_CONTRIBUTORS","INEXPLICATA_IDENTITY_VERIFIED_CONTRIBUTORS_PRESERVED_SEPARATELY","false","false","ovnis.source-reference-adjudication/v1"
"OVART_REF_ea8a920b9a37262c8515cf0f","ea8a920b9a37262c8515cf0f3c3f89d69dc5ba5e3b18b21641e0aedf80841186","Inexplicata/Scott Corrales/Julio V. Ramírez","1","PRUAP-0242","PR_law_enforcement","DISCOVERY_ONLY","SRC-0012","SECONDARY_ARCHIVE_WITH_NAMED_CONTRIBUTORS","INEXPLICATA_IDENTITY_VERIFIED_CONTRIBUTORS_PRESERVED_SEPARATELY","false","false","ovnis.source-reference-adjudication/v1"
"OVART_REF_103556d32895e67ba233ebf1","103556d32895e67ba233ebf19328af4ca0dd2b30a508b1358bcf99a3dc1d977b","Inexplicata/Scott Corrales/Robiou Lamarche","9","PRUAP-0015;PRUAP-0017;PRUAP-0024;PRUAP-0025;PRUAP-0030;PRUAP-0103;PRUAP-0113;PRUAP-0118;PRUAP-0151","PR_law_enforcement;US_military+federal_civilian;none","DISCOVERY_ONLY","SRC-0012","SECONDARY_ARCHIVE_WITH_NAMED_CONTRIBUTORS","INEXPLICATA_IDENTITY_VERIFIED_CONTRIBUTORS_PRESERVED_SEPARATELY","false","false","ovnis.source-reference-adjudication/v1"
"OVART_REF_56f90c6fa3d38f8495b38f56","56f90c6fa3d38f8495b38f560a790fc447df77cfbde71d61a5302073d463ede1","Inexplicata/Scott Corrales/Robiou Lamarche/Rigau","1","PRUAP-0111","PR_law_enforcement","DISCOVERY_ONLY","SRC-0012","SECONDARY_ARCHIVE_WITH_NAMED_CONTRIBUTORS","INEXPLICATA_IDENTITY_VERIFIED_CONTRIBUTORS_PRESERVED_SEPARATELY","false","false","ovnis.source-reference-adjudication/v1"
"OVART_REF_1bbc74205f2bbd28dc0b5ad3","1bbc74205f2bbd28dc0b5ad305778ae8308a9b5cb1c587afad353681d1c10c11","Inexplicata/Scott Corrales/Willie Durand Urbina/PRRG","1","PRUAP-0228","none","DISCOVERY_ONLY","SRC-0012","SECONDARY_ARCHIVE_WITH_NAMED_CONTRIBUTORS","INEXPLICATA_IDENTITY_VERIFIED_CONTRIBUTORS_PRESERVED_SEPARATELY","false","false","ovnis.source-reference-adjudication/v1"
"OVART_REF_94f8d7d23aeba7aaf4879ea6","94f8d7d23aeba7aaf4879ea6ff085e882227df0bc3aff67859d6f3f8a0cafb24","Inexplicata/Willie Durand Urbina","1","PRUAP-0389","none","DISCOVERY_ONLY","SRC-0012","SECONDARY_ARCHIVE_WITH_NAMED_CONTRIBUTORS","INEXPLICATA_IDENTITY_VERIFIED_CONTRIBUTORS_PRESERVED_SEPARATELY","false","false","ovnis.source-reference-adjudication/v1"
"OVART_REF_90e8675c4c5d2e3743b9fe33","90e8675c4c5d2e3743b9fe33895c4e820d5087513371493e845ee69e4353f556","Jorge Martin/IHU","1","PRUAP-0198","none","REVIEW_TIE","SRC-CAND-0001;SRC-0012","AUTHOR_CARRIER_OR_ORGANIZATION_SCOPE_TIE","EXACT_REFERENCE_ENCODES_PERSON_AND_ORGANIZATION_LINEAGE","false","false","ovnis.source-reference-adjudication/v1"
"OVART_REF_a4e29b61f5e5c918269861ad","a4e29b61f5e5c918269861ad10e9c948e2ce893a8bb8838228f066ec148bf4d8","Jorge Martin/IRAAP","24","PRUAP-0043;PRUAP-0066;PRUAP-0182;PRUAP-0186;PRUAP-0192;PRUAP-0194;PRUAP-0195;PRUAP-0196;PRUAP-0201;PRUAP-0223;PRUAP-0233;PRUAP-0243;PRUAP-0247;PRUAP-0251;PRUAP-0252;PRUAP-0276;PRUAP-0279;PRUAP-0292;PRUAP-0299;PRUAP-0304;PRUAP-0312;PRUAP-0319;PRUAP-0321;PRUAP-0322","U.S. Navy;US_military;US_military+PR_law_enforcement;US_military+federal_civilian;US_military+federal_civilian+PR_civil_defense;federal_civilian;none","REVIEW_TIE","SRC-CAND-0001","AUTHOR_CARRIER_OR_ORGANIZATION_SCOPE_TIE","EXACT_REFERENCE_ENCODES_PERSON_AND_ORGANIZATION_LINEAGE","false","false","ovnis.source-reference-adjudication/v1"
"OVART_REF_239f9c99d624c9f30007c55a","239f9c99d624c9f30007c55a217a4bd68e7f41aa22ef66cd57414fbeaa4dcb0e","Nexusnewsfeed/CEOVNI (Noel Rigau)","1","PRUAP-0125","federal_civilian","REVIEW_TIE","","COMPOSITE_NAMED_REFERENCE","MULTIPLE_NAMED_PARTIES_PRESERVED_NO_FORCED_IDENTITY","false","false","ovnis.source-reference-adjudication/v1"
"OVART_REF_008ecf92e542c7142b6768aa","008ecf92e542c7142b6768aaf21c90c01c8d92b7d35ab3afa4c40f12329135b9","NICAP","6","PRUAP-0016;PRUAP-0018;PRUAP-0034;PRUAP-0045;PRUAP-0052;PRUAP-0054","USAF;none","DISCOVERY_ONLY","SRC-0011","NAMED_SECONDARY_ARCHIVE","EXACT_REFERENCE_NAMES_VERIFIED_ARCHIVE_BUT_NO_REVIEWED_BINDING_RECEIPT","false","false","ovnis.source-reference-adjudication/v1"
"OVART_REF_08320044bae2d64cc2f2b8ec","08320044bae2d64cc2f2b8ecc54dcb9193df19a1e4f492473fbc08acf1c7dcc5","NICAP Blue Book","1","PRUAP-0065","USAF","DISCOVERY_ONLY","SRC-0011","NAMED_SECONDARY_ARCHIVE","EXACT_REFERENCE_NAMES_VERIFIED_ARCHIVE_BUT_NO_REVIEWED_BINDING_RECEIPT","false","false","ovnis.source-reference-adjudication/v1"
"OVART_REF_c6e39f82c417c29ca93645be","c6e39f82c417c29ca93645bea39c56a17c0e6d2158007698f2aa50d75154301e","NUFORC/AARO","1","PRUAP-0428","AARO","REVIEW_TIE","SRC-0010;SRC-0006","COMPOSITE_SOURCE_REFERENCE","TWO_DISTINCT_SOURCE_IDENTITIES_EXPLICIT_IN_EXACT_REFERENCE","false","false","ovnis.source-reference-adjudication/v1"
"OVART_REF_f7d7883055f6cbf903d53e31","f7d7883055f6cbf903d53e3192724c667c658c6f745f7b3c1091251d65479083","SCU/DHS","1","PRUAP-0422","CBP; AARO","REVIEW_TIE","","COMPOSITE_NAMED_REFERENCE","MULTIPLE_NAMED_PARTIES_PRESERVED_NO_FORCED_IDENTITY","false","false","ovnis.source-reference-adjudication/v1"
"OVART_REF_699be56b173a978501c7f7e8","699be56b173a978501c7f7e885a8f7a69cf01468427b0a6da9136ac56f143ea8","source_pending","5","PRUAP-0048;PRUAP-0207;PRUAP-0226;PRUAP-0277;PRUAP-0300","U.S. Navy;none","UNRESOLVED","","INTERNAL_OR_PENDING_REFERENCE","NO_EXTERNAL_SOURCE_IDENTITY_MANIFESTATION","false","false","ovnis.source-reference-adjudication/v1"
"OVART_REF_99b7aa2c43945dda30d43d29","99b7aa2c43945dda30d43d29b1abd802ff54838af40ba6030d5dbdd6cea27fab","ThinkAboutItDocs","7","PRUAP-0142;PRUAP-0162;PRUAP-0163;PRUAP-0164;PRUAP-0178;PRUAP-0255;PRUAP-0327","none","DISCOVERY_ONLY","SRC-CAND-0002","NAMED_SECONDARY_ARCHIVE","VERIFIED_CANDIDATE_IDENTITY_NOT_CANONICAL_REGISTRY","false","false","ovnis.source-reference-adjudication/v1"
"OVART_REF_1a42659ea057f5a7d20f2c4c","1a42659ea057f5a7d20f2c4c7c95987bf64c36dde4619502fd35da48c554ce7c","ThinkAboutItDocs/Robiou Lamarche","8","PRUAP-0143;PRUAP-0147;PRUAP-0154;PRUAP-0155;PRUAP-0173;PRUAP-0175;PRUAP-0176;PRUAP-0180","none","DISCOVERY_ONLY","SRC-CAND-0002","NAMED_SECONDARY_ARCHIVE","VERIFIED_CANDIDATE_IDENTITY_NOT_CANONICAL_REGISTRY","false","false","ovnis.source-reference-adjudication/v1"
"OVART_REF_7af85693d97020184c488fe9","7af85693d97020184c488fe9854b148feb18a2ca7c92fbb13bb72a36e39c0d0e","UFO Casebook","1","PRUAP-0271","none","DISCOVERY_ONLY","SRC-CAND-0007","NAMED_SECONDARY_ARCHIVE","VERIFIED_CANDIDATE_IDENTITY_NOT_CANONICAL_REGISTRY","false","false","ovnis.source-reference-adjudication/v1"
"OVART_REF_b8328732dda9bdd7e43a7eaf","b8328732dda9bdd7e43a7eaf1ace6f8803bca7d1996fc3ec1c52c0848ce2d480","UFO Casebook/Jorge Martin","1","PRUAP-0159","PR_law_enforcement","DISCOVERY_ONLY","SRC-CAND-0007","NAMED_SECONDARY_ARCHIVE","VERIFIED_CANDIDATE_IDENTITY_NOT_CANONICAL_REGISTRY","false","false","ovnis.source-reference-adjudication/v1"
"OVART_REF_7065d3dd6a0384329bbe3153","7065d3dd6a0384329bbe31534ee6eff0da56048e5bbc23afbc3550555f6f43b1","URECAT/Patrick Gross","1","PRUAP-0146","none","REVIEW_TIE","","COMPOSITE_NAMED_REFERENCE","MULTIPLE_NAMED_PARTIES_PRESERVED_NO_FORCED_IDENTITY","false","false","ovnis.source-reference-adjudication/v1"
"OVART_REF_d8b1227f8bb168641d7c8818","d8b1227f8bb168641d7c8818e455442b0104eec3abb65c538bf14ba2e204b710","Weinstein/Project 1947","1","PRUAP-0087","US_military+US_civilian_agency","REVIEW_TIE","","COMPOSITE_NAMED_REFERENCE","MULTIPLE_NAMED_PARTIES_PRESERVED_NO_FORCED_IDENTITY","false","false","ovnis.source-reference-adjudication/v1"
